100.0	1.5886444104280262	1.5854756152354212	1.5828745197902514	1.5808111402567555	1.5792563550239949	1.5781819341012253	1.577560562457645	1.5773658575266039	1.577572381161522	1.578155646370483	1.5790921191976839	1.5803592161380384	1.5819352974916008	1.5837996570638204	1.5859325086210334	1.5883149694978302	1.5909290417424973	1.5937575911643598	1.5967843246341562	1.599993765954501	1.6033712306043844	1.6069027996277823	1.6105752929157366	1.6143762421060217	1.6182938632990678	1.622317029765487	1.6264352448015047	1.6306386148636478	1.6349178230988766	1.639264103365903	1.6436692148303755	1.6481254171974562	1.6526254466376684	1.6571624924461972	1.661730174466204	1.6663225212989197	1.6709339493143933	1.675559242468431	1.6801935329262392	1.684832282492011	1.689471264829586	1.6941065484673015	1.6987344805680185	1.7033516714476051	1.7079549798212943	1.7125414987586796	1.7171085423207375	1.7216536328576593	1.7261744889460717
100.0	0.9611154074084882	0.9583564207559595	0.9558942108844201	0.9537198921039383	0.9518246123287027	0.9501995669000108	0.9488360120076986	0.9477252776169016	0.9468587798386031	0.9462280326657474	0.9458246590222857	0.9456404010872239	0.9456671298539978	0.9458968538965046	0.9463217273367002	0.9469340569970089	0.9477263087491806	0.9486911130526358	0.9498212697210857	0.9511097519143904	0.9525497093969375	0.9541344710875893	0.955857546935368	0.9577126291545358	0.9596935928614311	0.9617944961515477	0.9640095796502941	0.9663332655907203	0.9687601564438151	0.9712850331565168	0.9739028530182113	0.976608747214605	0.9793980180834065	0.9822661361230776	0.9852087367815082	0.9882216170521771	0.9913007319146904	0.9944421906381808	0.9976422529825976	1.0008973253122524	1.0042039566521899	1.007558834695472	1.0109587817916033	1.0144007509278647	1.01788182171282	1.021399196382313	1.0249501958389435	1.0285322557286343	1.0321429225761107
100.0	0.7162476601805845	0.7126851769228171	0.7094724734233412	0.7066015213569642	0.7040640736505911	0.7018516860435479	0.6999557400175574	0.6983674668071109	0.6970779721997563	0.6960782618379725	0.6953592667260985	0.6949118686658392	0.6947269253715934	0.6947952950051396	0.6951078599288453	0.6956555494725848	0.6964293615541073	0.6974203830197792	0.6986198085858204	0.7000189583094693	0.7016092935254928	0.7033824312257148	0.7053301568652236	0.7074444356094114	0.7097174220584541	0.7121414684800605	0.714709131623498	0.7174131781712554	0.7202465889090307	0.7232025617012514	0.7262745133443826	0.7294560804027944	0.7327411191018	0.7361237043777369	0.7395981281593818	0.7431588969758742	0.7468007289673364	0.7505185503677186	0.7543074915443626	0.758162882652603	0.7620802489690374	0.7660553059679562	0.7700839541794646	0.7741622738988662	0.7782865197681227	0.7824531152816195	0.7866586472537338	0.7908998602676575	0.7951736511418457
100.0	0.5666362705237824	0.5620478077857096	0.5578717580659102	0.5541020667965726	0.5507320994962667	0.5477546547098386	0.5451619833325358	0.5429458140248893	0.5410973842901908	0.5396074766469501	0.5384664592468476	0.5376643301921256	0.5371907647471642	0.5370351646194862	0.537186708471839	0.5376344028533349	0.5383671327837802	0.5393737112652245	0.54064292710496	0.5421635904900739	0.5439245758613394	0.5459148617260853	0.5481235671402427	0.5505399846862422	0.5531536098498538	0.5559541667746913	0.5589316304423834	0.5620762453779855	0.5653785410295945	0.5688293439979765	0.5724197873327217	0.5761413171129169	0.5799856965578121	0.5839450078976266	0.5880116522537207	0.5921783477610393	0.5964381261458411	0.600784327990559	0.6052105968724221	0.6097108725594458	0.6142793834434879	0.6189106383551993	0.6235994179028905	0.6283407654568695	0.6331299778896251	0.6379625961667003	0.642834395873445	0.6477413777457135	0.6526797582653067
100.0	0.4656707832294022	0.45990910462715484	0.45461999742209325	0.44980158481373	0.44545102376120227	0.44156444023057445	0.4381369132118709	0.4351624360258235	0.4326339512181841	0.43054335549575207	0.42888153329069867	0.42763842106672867	0.42680306438879295	0.4263636919522082	0.42630779534804164	0.4266222641435043	0.4272934294448019	0.42830722370101104	0.42964927367888567	0.4313049702617455	0.433259601238187	0.4354984380708448	0.43800682991917084	0.44077022150624723	0.4437742983523165	0.4470050366204406	0.45044874820163716	0.4540921260704974	0.4579222813161474	0.46192677232355217	0.46609362667606924	0.47041135744308704	0.47486899357552315	0.4794560143141191	0.48416242108574276	0.4889787085402022	0.4938958569635189	0.49890532197947185	0.5039990197750237	0.5091693187458692	0.5144090204442685	0.5197113420071893	0.5250699002860798	0.5304786944267315	0.5359320883182345	0.5414247930838023	0.5469518497755548	0.552508612397685	0.5580907313424389
100.0	0.3943945081963647	0.38736450040147696	0.3808556464770953	0.3748729461508363	0.3694202058465918	0.36449984592197654	0.36011275283171196	0.3562581262889322	0.3529333791176396	0.35013405773522427	0.34785378561591146	0.34608427604996655	0.34481536135477836	0.34403507330631117	0.3437297760748262	0.34388430164841244	0.3444821736766166	0.34550576686820056	0.3469365379731434	0.34875524886529224	0.3509421649819467	0.3534772792152103	0.35634050417970126	0.3595118732279433	0.3629716707028728	0.3667005784045761	0.3706797908451622	0.3748911007445279	0.37931697432985606	0.38394061952251446	0.38874605027073866	0.3937180567364263	0.3988422290997704	0.40410494993946144	0.40949342051737003	0.4149956146971758	0.42060026216624696	0.42629682206094427	0.43207542626197504	0.43792690930658	0.4438427232032536	0.44981492756564545	0.45583612706963034	0.46189946207312166	0.4679986003167593	0.4741276598260465	0.4802811864487413	0.48645415145216203	0.4926419002375573
100.0	0.34299268414987993	0.33465409857884854	0.32686545081985585	0.3196408432512903	0.31299352144289594	0.30693550312398976	0.30147718201013163	0.2966269183111522	0.2923906757218247	0.2887716521138982	0.2857699783285837	0.2833825013265683	0.2816026602507619	0.28042043560042	0.27982245594675104	0.2797921839973973	0.28031019330086915	0.28135453542111827	0.2829011765458022	0.28492442346696895	0.2873973968819465	0.2902924887260363	0.2935817804428	0.2972374231691309	0.30123197879895885	0.3055386781598989	0.31013168986920236	0.3149862496696338	0.3200787918636441	0.32538703962803167	0.33089003718269916	0.3365681626836496	0.34240311930103534	0.34837789279309744	0.35447673630572496	0.360685133287831	0.3669896777816269	0.3733780380582511	0.37983887300325364	0.3863617798040418	0.3929372297362411	0.3995565168224581	0.4062116637346759	0.41289539055972435	0.4196010443632023	0.4263225502697919	0.43305436440156564	0.4397914550412659	0.4465292310822337
100.0	0.3056656907563009	0.29603876820748093	0.2869652538879997	0.2784689930337324	0.27057421392907793	0.2633050072415294	0.2566847196393905	0.25073519492167057	0.24547594229689573	0.24092337613759654	0.23708982637390952	0.23398278991833096	0.2316042600327534	0.229950269428155	0.22901068080200898	0.22876925126836098	0.22920396905272925	0.23028768186933193	0.2319888763010637	0.2342725992269226	0.23710144699764987	0.24043653743329824	0.24423841141685879	0.24846781769234644	0.25308638271192024	0.258057125599311	0.26334482836205203	0.2689163328111575	0.2747406624704591	0.28078909322144946	0.28703515401217106	0.2934545785319176	0.300025203611923	0.3067268641496161	0.31354126487778616	0.3204518286521951	0.3274436071403908	0.3345030985786305	0.34161812731154584	0.34877773888391544	0.3559720791085727	0.36319228220097954	0.37043038547577495	0.37767922372217255	0.3849323893632142	0.39218412063712177	0.3994292490667258	0.4066631482739108	0.41388166499054707
100.0	0.27864971817054957	0.2678145609620826	0.2575103753888223	0.24776898151781263	0.23862469833688707	0.23011394822371353	0.22227465609861644	0.2151453495107569	0.2087639840858348	0.2031664257277673	0.19838469237367978	0.19444505497190992	0.1913661500400475	0.18915731555627605	0.1878173695035119	0.18733399823639643	0.18768390469250068	0.1888336693318691	0.19074123271276555	0.19335779718048934	0.19662997159858392	0.20050183633890833	0.2049168252120935	0.20981930820982728	0.21515580746784907	0.2208758615804493	0.2269325488667052	0.2332827787769691	0.23988735572506578	0.2467108998882735	0.2537216528926702	0.2608912853844824	0.2681945619452866	0.2756090776823679	0.2831150521116683	0.29069495997583344	0.2983333132775459	0.3060164396190437	0.3137322744193567	0.3214701683228143	0.32922073166296845	0.33697569076474654	0.3447277429619156	0.35247044927701143	0.3601981357141749	0.36790580083496077	0.37558903775489916	0.3832439705879582	0.39086718189157804
100.0	0.2593262842338069	0.2474133245204634	0.23598806254789434	0.2250863367766608	0.21474888720388458	0.2050215256593075	0.19595504309508402	0.18760473538806685	0.1800293723322983	0.1732894561955407	0.16744465795938065	0.16255042781180604	0.15865394666008162	0.15578985708764742	0.1539763626153658	0.15321242362815873	0.15347664882036466	0.15472815918518473	0.15690937084354697	0.15994998376690442	0.16377162259388023	0.1682923379527745	0.17343046003142584	0.1791075408577228	0.1852503472714289	0.19179195119456866	0.1986722446907781	0.2058379086394985	0.21324208510214895	0.22084385930316827	0.22860771921459003	0.2365029045266789	0.2445028372321431	0.252584581198252	0.26072835466190003	0.26891710042740535	0.27713609610109763	0.28537264324226025	0.29361577747625445	0.3018560237756236	0.3100851957769046	0.31829622742206076	0.3264830041316368	0.33464024154090843	0.3427633755174768	0.3508484691902115	0.3588921236777212	0.3668914181349785	0.37484384587393305
100.0	0.24577694811206183	0.23294902854736238	0.22055384452736274	0.2086264726908485	0.19720872047770563	0.18635012777957594	0.17610890978436575	0.1665526660768554	0.15775856415306946	0.14981258004714476	0.14280729840851217	0.1368377083193379	0.13199464804269848	0.12835616023803834	0.12597779965743497	0.12488387437181889	0.12506198281644432	0.1264626198915741	0.12900408802560578	0.13258135233439353	0.13707640910706015	0.1423679261720644	0.1483387053328011	0.1548805349246387	0.1618967331592287	0.16930290589510316	0.17702656357694083	0.1850061308591719	0.19318967478673052	0.20153358063149415	0.21000130396983813	0.2185622344495249	0.2271907343114862	0.2358653115505044	0.24456792241827252	0.2532833916986137	0.26199894390227624	0.2707038151969725	0.2793889119826664	0.2880465511245577	0.29667024104416445	0.30525448589372767	0.3137946438898298	0.3222867957944525	0.3307276423753728	0.33911441193331565	0.34744477982720434	0.3557168211600533	0.36392894518694074
100.0	0.2365545726211478	0.22298624508175513	0.209794081957397	0.19700846755467455	0.18466717858835252	0.17281712989077316	0.1615164346089431	0.15083672671647533	0.14086551440781714	0.13170808623145136	0.12348806320443678	0.11634514963083871	0.11042820188926374	0.10588200493973829	0.10282780355093112	0.1013409447133126	0.10143272755052073	0.10304403400234094	0.10605401729144653	0.11030020886158381	0.11560211757053263	0.12178117473114874	0.1286737239210011	0.13613725494259266	0.14405176704908576	0.15231834021889945	0.16085645195283377	0.16960098045512037	0.17849943143230812	0.18750946419853493	0.1965968772026658	0.20573397190056417	0.2148982466944371	0.2240713625878052	0.23323832885556148	0.24238684815679765	0.2515068158044221	0.260589913041409	0.26962928194603786	0.27861926409003057	0.28755519683589104	0.2964332515180119	0.30525028311918706	0.3140037243678805	0.32269149405735414	0.33131192230169115	0.3398636866147962	0.34834575648817445	0.356757356452882
100.0	0.23055403609225142	0.21641337914951506	0.20259879905139183	0.18913400583739068	0.1760496047471149	0.16338519175105787	0.15119212199684448	0.1395371268915669	0.12850688193882545	0.11821343452203796	0.10879985121702611	0.10044428693682822	0.09335878435537018	0.08777686038563517	0.08392352434514512	0.08196808120480148	0.0819741082233422	0.08387283679704223	0.08747776005803982	0.09253174507045328	0.09876003603706422	0.10590821764970879	0.11376024155114745	0.12214185924681512	0.13091653881220436	0.13997882033747683	0.14924766790021807	0.15866078908476597	0.1681701223980343	0.17773840279764225	0.1873365615189017	0.1969417794666089	0.20653604444913554	0.2161050662354348	0.22563745923995748	0.23512412369158409	0.24455776973224985	0.253932551446601	0.2632437867677917	0.27248773571463913	0.2816614244848548	0.2907625044366277	0.2997891460470752	0.30873995189993725	0.31761387652569956	0.3264101711429448	0.33512833556270505	0.3437680787283902	0.3523292863098981
100.0	0.2269323027531425	0.2123687211393651	0.1980922679042287	0.1841200055444462	0.17047473726069354	0.15718703684787097	0.14429812667159933	0.13186397783676324	0.11996113701921038	0.1086948766141003	0.09821010848232803	0.08870455462042821	0.08044081298771523	0.07374734834232138	0.06898933815048709	0.06648982063410956	0.0664136307914554	0.06868429210551992	0.07300639802837458	0.07897525078112214	0.08618853272856726	0.09430722455822528	0.10306981055810434	0.1122831561459584	0.12180709144036059	0.1315401656134032	0.14140856116451878	0.15135812620968211	0.16134870696819892	0.17135021893783173	0.18133989732238978	0.19130037113833687	0.20121828973355263	0.21108333510802255	0.22088750311297542	0.23062457554412802	0.2402897213817416	0.24987920306314934	0.2593901495132169	0.26882038223023025	0.27816827955372586	0.28743266897911857	0.2966127459458916	0.3057080098713515	0.3147182043546278	0.32364327665138065	0.33248334263413903	0.3412386580307282	0.349909595743003
100.0	0.22505022097492183	0.21018877999580687	0.19558807615445314	0.18125992227859994	0.16722066101188388	0.1534929162131948	0.14010818344488948	0.12711072934278708	0.11456354600569045	0.10255749978351014	0.09122533952654338	0.08076240389256496	0.07145420490735642	0.06370299464574151	0.05802323958049663	0.054945607768600656	0.05479860318772614	0.05750245468236489	0.06259846657747728	0.06948360878881432	0.07761491932807531	0.08658264247509952	0.09610105645332162	0.10597632207239957	0.11607711193704581	0.12631348996993455	0.13662291107082203	0.14696114080085454	0.15729639972740211	0.16760553271021064	0.17787146652839203	0.18808149275366123	0.1982260874401727	0.20829808650582632	0.2182920947831353	0.22820406595550896	0.23803099021148355	0.24777066340022078	0.25742151545428693	0.2669824744258299	0.27645286391165536	0.2858323315052415	0.2951207795303594	0.3043183186483484	0.3134252287711492	0.322441927753926	0.3313689460929497	0.3402069066287194	0.3489565062345101
100.0	0.22442735115193552	0.2093680044719865	0.19455472881179645	0.17999605426106693	0.16570418039775708	0.1516964621825819	0.13799766084114926	0.124643438511014	0.11168590404277734	0.0992026080713643	0.0873113486095986	0.07619448638067748	0.06613715264083742	0.05757840173510982	0.05114601443048351	0.04757456285420744	0.04738398693767997	0.05049472146301335	0.05626045273903117	0.0638799888217173	0.07269913976015788	0.08226984506574353	0.09230400522609068	0.10261815419530108	0.11309388195205906	0.1236530899528706	0.1342430574624687	0.1448274121568997	0.15538057876084588	0.16588428777016237	0.17632532629336847	0.18669405689715554	0.19698341720058682	0.20718823142861306	0.21730472750305635	0.22733019172454713	0.23726271732423965	0.24710102225106503	0.2568443094588176	0.2664921623918025	0.2760444656440648	0.2855013432806949	0.29486311067198334	0.30413023657939203	0.31330331305091846	0.32238303113931693	0.33137016178523304	0.34026553996877107	0.3490700684741866
100.0	0.22470562643144382	0.20952549141931798	0.19458652318838363	0.17989590255086563	0.16546411097369332	0.151306291550313	0.1374443312940633	0.12391013065895601	0.11075087752509871	0.09803778429193137	0.08588089433047814	0.074454435802634	0.06403926397618744	0.055086222063896996	0.04827596952955067	0.04445671864926595	0.044266669025371214	0.047622880728272754	0.05375821078952818	0.061759825307438	0.07092258785742994	0.08078732549517698	0.09107022996551369	0.10159578356189485	0.11225313429473596	0.12297036142272018	0.13369954348367982	0.14440797910498143	0.15507289895800128	0.1656781918466077	0.17621232127790687	0.18666696471735011	0.19703610248109807	0.2073153947933616	0.2175017465973417	0.22759299801933713	0.23758770045162947	0.2474849520735074	0.25728427533901804	0.26698552426042294	0.27658881453697676	0.2860944686214215	0.29550297332054615	0.3048149465473061	0.3140311106727394	0.3231522715783314	0.3321793028153077	0.3411131289835061	0.349954716202585
100.0	0.2256199421036894	0.21037689753431013	0.19537760315309108	0.18062947052593092	0.16614329251677756	0.1519346338178848	0.13802595837940962	0.12444996566196422	0.1112549629707317	0.0985137437130043	0.08633857971708044	0.0749067528184953	0.06450291401272513	0.05558128894565013	0.048821584893927204	0.04506024313909777	0.044914710430259644	0.048291682481866875	0.05443259076843966	0.06243706985598878	0.07160651428982323	0.08148339081634418	0.09178346004436967	0.10233022486399881	0.11301185669871643	0.12375562418915374	0.13451296942319144	0.14525070178451208	0.1559456777302534	0.1665814992676707	0.17714640887395	0.18763191251435257	0.19803185649573618	0.20834179620504906	0.21855855423477547	0.22867990521821555	0.23870434860154086	0.24863094138502215	0.2584591733245691	0.2681888727033835	0.27782013612520273	0.2873532700586561	0.29678874777225733	0.30612717790683014	0.31536927616587146	0.324515843840096	0.33356775039012104	0.3425259194066569	0.35139131639566473
100.0	0.22697511866151504	0.21171161082295775	0.19669980704885653	0.18194848833460883	0.16747021530499237	0.15328286084708698	0.13941193356044293	0.12589418213627315	0.11278331716710867	0.10015928593983946	0.08814351791231288	0.0769238870276668	0.06679369185468152	0.05820296750341949	0.051790627520868014	0.04829396935566547	0.0482180897852494	0.051458660033907394	0.05735353697549034	0.06509811757607155	0.07403954167210912	0.08373114913631595	0.09388546047740828	0.10431910007007143	0.11491351181020272	0.12559038122242336	0.13629677232572257	0.14699612322089825	0.157662702922308	0.16827811882237784	0.1788290641681539	0.18930582996944018	0.1997013035162355	0.21001027255519186	0.22022893792511294	0.2303545711722494	0.2403852594612719	0.25031971948815784	0.2601571582382829	0.26989716760435284	0.27953964394888303	0.289084724862543	0.2985327422525324	0.30788418362217446	0.3171396603575873	0.32629988402938204	0.3353656470843574	0.3443378059639156	0.35321726909511836
100.0	0.22862785578547598	0.2133743785144998	0.19838417820674448	0.1836681288617917	0.16924146656339117	0.15512551359585583	0.14135025710978008	0.12795828020646235	0.11501086140102809	0.10259756051121043	0.09085131374374059	0.07997165006566488	0.07025753798255799	0.06214302975657209	0.056201878032431325	0.05304274575063613	0.05304297595560286	0.05609185142105864	0.06164188620274035	0.06900869192380021	0.07760456368664033	0.08700364020458254	0.09691829122162421	0.10715797691393308	0.11759589829911447	0.1281463884043511	0.13875049111730173	0.14936687539849233	0.15996606927031354	0.1705267502595992	0.18103330980950794	0.19147421337981915	0.20184088733312042	0.21212694638893353	0.22232764209216335	0.2324394670309072	0.2424598664745482	0.2523870243710084	0.26221970289120405	0.2719571196751898	0.2815988546916636	0.2911447830451508	0.3005950012081604	0.309949798917036	0.31920961772529594	0.32837502226821125	0.33744667706231934	0.3464253275877029	0.3553117849819337
100.0	0.2304734550295002	0.2152514238626931	0.2003065014797253	0.18565205126943296	0.17130645293876445	0.15729502016347813	0.1436528207320613	0.13042888250428988	0.11769254295031993	0.10554301337348608	0.09412371765697465	0.08364261691955399	0.07439741200453416	0.06679538571587328	0.06133664039743438	0.058508575328008905	0.05858213290997183	0.061444897349456726	0.0666478858098543	0.0736173605134919	0.08183419191864295	0.09090050743226069	0.10053396707949891	0.11053990324629144	0.12078459443018172	0.1311754074234558	0.1416472957030395	0.15215389163391055	0.16266165629864612	0.17314600624822962	0.18358872123857817	0.19397616815176724	0.2042980708728862	0.21454667189647833	0.22471609548107885	0.2348019061425121	0.244800779611984	0.25471025779102846	0.2645285633490372	0.27425445884891636	0.28388713616484096	0.2934261359161843	0.30287127804080904	0.31222260859013634	0.3214803582968173	0.33064490883045017	0.33971676532471085	0.34869653349228874	0.3575849055411361
100.0	0.23243552244723428	0.21725961072966674	0.2023758980442833	0.18780039616702215	0.17355478104638292	0.1596684807370939	0.14618167540286695	0.13314967102177938	0.12064928244219471	0.10878807376269672	0.09771732287095147	0.0876487883412794	0.07887217506797548	0.07176182273550581	0.06674691345577534	0.06421425057320986	0.06435552017990115	0.06705953401104066	0.07195319599249102	0.07855332823897815	0.08640372401172058	0.09513728546593579	0.10448153453484275	0.11424133938733907	0.12427845737610294	0.1344947079561538	0.14481973691490202	0.155202540936287	0.1656056908935096	0.17600140127423888	0.18636883062492987	0.19669220643645013	0.20695951013253897	0.21716153906033245	0.22729122303821495	0.23734314322840333	0.24731315380112848	0.2571981044269982	0.2669956402550426	0.2767040236087111	0.2863220238524336	0.2958488187947451	0.3052839162339982	0.3146270930599051	0.3238783465642353	0.3330378548176695	0.34210594492946544	0.3510830652635947	0.35996976775296385
100.0	0.23445856165720014	0.21933845016184075	0.20452617261486686	0.1900403895297858	0.17590602554211315	0.1621564758008375	0.1488367236388696	0.1360077585462314	0.12375280452988913	0.11218591847605254	0.10146325580179559	0.09179610808423763	0.08346147509585994	0.07679906244923686	0.07217521025156547	0.06989757565541829	0.07010084045364608	0.07267641774697739	0.07730794443825356	0.08358316215338321	0.09109982520290913	0.09952100482405195	0.1085867337485866	0.11810441495542426	0.1279336701021885	0.13797244561967717	0.1481461647614974	0.15839989112606792	0.16869274988286326	0.17899402550458615	0.18928042181090354	0.1995341249274146	0.20974142022249997	0.2198916942688749	0.22997670523508593	0.23999004442972174	0.24992672408993397	0.2597829044725851	0.26955563024988716	0.2792426616218445	0.2888423354019831	0.2983534558069018	0.3077752082192957	0.31710708977863394	0.3263488538828924	0.33550047419751816	0.3445620836022351	0.3535339676743706	0.36241653343296015
100.0	0.2365025720635957	0.2214442967666672	0.206709546515672	0.19231953013780254	0.17830224479893925	0.1646947610540453	0.15154638317005417	0.13892301189451317	0.12691303074789562	0.11563510564356608	0.10524760285971671	0.09595811164701805	0.08802836356494502	0.08176468506819468	0.07748002835212005	0.07542089357647609	0.07568107800462491	0.07815512541436985	0.08256906359389546	0.08856554520097201	0.09578717442612264	0.10392475046142706	0.1127318052071978	0.12202027543014034	0.13164956416149967	0.1415152447930535	0.15153964752246518	0.16166467683633678	0.17184654456963655	0.1820519714979247	0.19225545893291962	0.20243732275261142	0.2125822811754519	0.2226783790684046	0.23271625348885658	0.24268854863406797	0.25258948410383186	0.2624145186068938	0.2721601191314845	0.28182354823334554	0.29140271274538443	0.3008960454011517	0.31030240753292915	0.3196210165269428	0.32885138296818955	0.33799325810204	0.3470465943538627	0.35601151199973824	0.3648882716003722
100.0	0.23853880207744013	0.2235457864166723	0.20889171925866326	0.19460020144802298	0.18070206421088503	0.16723769019959286	0.15426015271647475	0.14183942160906618	0.13006786402774373	0.11906708239986424	0.1089955333675567	0.10005494600586515	0.09249084950895373	0.08657891881018918	0.08258764539503155	0.08071632542493432	0.08102908372439316	0.08342365325378864	0.0876581640662071	0.0934179481424246	0.10038245440361537	0.10826708951582384	0.11683876572307898	0.12591507952887196	0.13535659185097582	0.14505773594203095	0.15493870526689665	0.16493897137791383	0.17501236411237434	0.18512342934264298	0.19524474451961152	0.2053549587503469	0.21543734844757406	0.2254787482686254	0.23546875343467033	0.2453991195550297	0.25526330746408954	0.2650561317010195	0.27477349307905025	0.2844121795932819	0.29396967722371004	0.30344405834946475	0.31283387265639573	0.32213806329593453	0.3313558996989741	0.340486922628176	0.3495308990337957	0.3584877851743943	0.36735769409367
100.0	0.2405468482190958	0.2256206160442972	0.21104828051435154	0.19685565014677764	0.18307612496542683	0.1697530178293362	0.15694262564473266	0.14471822165233209	0.13317507924713806	0.12243636503299736	0.11265906384216998	0.10403777193080464	0.09680194061243463	0.09119985095906398	0.08746319642012605	0.08575454274824768	0.08611616044743291	0.08844881915902174	0.09253538861260417	0.0980947218755873	0.10483649141088548	0.11249755326835646	0.12085749071877858	0.12974003700497685	0.13900781365474799	0.1485550323933831	0.15830054009179986	0.16818200707886632	0.17815136775738805	0.18817135310711197	0.19821289192376218	0.2082531727125388	0.21827419682616764	0.2282616947847718	0.23820430652549246	0.24809297150655563	0.2579204447755187	0.267680934334882	0.2773698062532008	0.2869833957016281	0.2965187990925404	0.30597374473600053	0.3153464821520013	0.3246356909157258	0.333840416519514	0.3429599924021324	0.3519940018924256	0.3609422421846181	0.36980468717108955
100.0	0.24251252688254407	0.22765325744085949	0.21316223342502638	0.19906727783957254	0.18540409122785448	0.1722185447264134	0.15956964540753682	0.14753328111441225	0.13620673693127444	0.12571366182691807	0.11620848535714064	0.10787804616157741	0.10093644929707703	0.09560784929224637	0.0920934950925889	0.09052707262864024	0.09093442716686365	0.09321912328064705	0.09718344114653364	0.10257290435359606	0.10912207795300928	0.11658635012253372	0.12475696150449789	0.13346389560244598	0.14257237625842287	0.15197705063123898	0.1615960333228535	0.17136571066451203	0.18123655093276733	0.1911697863004609	0.2011349492197845	0.21110796328803896	0.22106970637410456	0.2310049229203676	0.2409013962988451	0.25074931507669024	0.2605407853674422	0.2702694502221425	0.2799301887960065	0.2895189096563231	0.29903233443518895	0.3084678698304911	0.3178234802782602	0.3270975957534352	0.33628903416326644	0.3453969380489522	0.3544207223284832	0.36336003173998543	0.37221470397812056
100.0	0.24442626070130882	0.2296331838152906	0.21522203480510624	0.20122246046897516	0.18767220480697305	0.17461935673521597	0.1621251806828755	0.15026757235479857	0.13914509335051908	0.12888106342403102	0.1196266495327544	0.11156074883874649	0.10488315531758607	0.0997969168361862	0.09647799116045029	0.09503707865726671	0.09548745290036288	0.09773520953484173	0.10159812362867385	0.10684322951155129	0.11322573494711055	0.12051700969980067	0.12851887714283466	0.13706739017329508	0.14603066151054125	0.1553042226546337	0.16480591942208184	0.17447127064441376	0.184249599784898	0.1941009510960466	0.2039936889447152	0.21390265067412934	0.22380773209870228	0.23369280395840958	0.24354488853595926	0.2533534849633307	0.2631101071912784	0.2728078725778871	0.2824412234994508	0.29200566630968555	0.30149757884824724	0.31091406042821995	0.3202528080883081	0.32951201589807677	0.33869029335521317	0.3477865951927634	0.356800175497975	0.36573053376980685	0.3745773782329267
100.0	0.24628175012904713	0.23155347379776067	0.21722011628579882	0.20331296732804066	0.18987157614794264	0.1769459270440807	0.16459912748474734	0.15291059986832992	0.14197959744379351	0.13192851402957448	0.12290482817901673	0.11507959579053344	0.10863946618295134	0.103769061588926	0.10062318764649114	0.0992940064293827	0.09978501367542486	0.10200457941098375	0.10578304597967608	0.11090502523612417	0.1171429825430631	0.12428209195730015	0.1321336893390727	0.14053959033245644	0.14937090825916952	0.15852435288013658	0.1679178416751579	0.17748634812593947	0.18717835351427797	0.19695294035565414	0.2067774997301325	0.21662594154636153	0.22647730656380133	0.2363146928175218	0.24612442358305087	0.2558954009756219	0.26561859210947264	0.2752866554520004	0.28489361634919086	0.2944346222485568	0.3039057212401849	0.3133037264175025	0.3226260846809487	0.3318707690830489	0.3410361934993578	0.35012114224073915	0.3591247121968152	0.3680462647597414	0.3768853849049131
100.0	0.24807515964688395	0.2334098482199185	0.21915175074016705	0.20533363362008547	0.1919966346050569	0.17919236209730283	0.16698542739774494	0.1554563555468181	0.1447046340759667	0.1348513070057874	0.12603994256053783	0.11843402691956695	0.11220818740180494	0.10753096821018655	0.10453938155756654	0.10331045705551282	0.10383996051324454	0.1060383004407467	0.10974617581355336	0.11476273621492847	0.12087498386275917	0.12788004191345692	0.13559776939446205	0.1438753760462208	0.15258697426107615	0.16163062909332718	0.1709245769551066	0.18040350499399593	0.19001527641744612	0.19971821006190002	0.20947889193872268	0.21927044282318223	0.2290711604513693	0.23886346356627977	0.24863306517891703	0.2583683073626975	0.26805968911902556	0.2776994375716294	0.2872811916762002	0.29679975217609295	0.3062508778873601	0.3156311216879093	0.324937697920733	0.3341683728667152	0.3433213888578897	0.3523953560946159	0.361389224787499	0.3703022262775793	0.3791338296570564
100.0	0.2498044975433717	0.23520003651927207	0.22101440825440144	0.2072816996522853	0.1940444434085525	0.18135562983235834	0.1692810801980408	0.15790208473133008	0.1473180079321946	0.13764825594779062	0.12903240724264223	0.12162674837999439	0.11559500394865728	0.11109164142289928	0.10823857221533535	0.107100327279551	0.10766646931907882	0.10984922774987008	0.11349790500055497	0.11842382994281313	0.12442638253871427	0.13131307533013253	0.13891139143381417	0.14707354337798	0.15567658701286952	0.16462001968881093	0.17382256822107855	0.18321882171446444	0.19275621283822092	0.20239246258972438	0.21209349277874226	0.22183175531751018	0.23158490888332176	0.2413347729601902	0.2510665034910677	0.2607679789691858	0.2704292491693433	0.28004214366560726	0.28959995354011814	0.299097172400622	0.30852928490702713	0.3178926005643831	0.3271841171542513	0.3364014090704186	0.34554253561910153	0.354605965257497	0.3635905132778336	0.3724952888233479	0.381319657063668
100.0	0.2514691118708294	0.2369232263362838	0.22280713739876776	0.20915611519293617	0.1960139148874108	0.18343469913136864	0.17148525122154237	0.1602473498091798	0.1498199768746604	0.1403207055368194	0.13188514236635548	0.12466279090513012	0.11880749551279056	0.1144613641083461	0.11173339773468942	0.11067769601198885	0.11127877708012053	0.11345050048139924	0.11704943429675918	0.12189720143043671	0.12780377809014065	0.13458575116411117	0.1420774257728067	0.15013562579917855	0.15864019898489806	0.16749215865739608	0.17661083899022134	0.18593087598474337	0.19539941802780866	0.2049737389402825	0.2146192001875413	0.22430768596475223	0.2340162853339054	0.24372631063876918	0.25342244851821605	0.26309212289484224	0.27272498741616436	0.2823125181942543	0.29184768822448004	0.30132470591733984	0.3107388035518418	0.32008606526851713	0.3293632843743019	0.33856786042031867	0.3476976933483917	0.3567511090820174	0.3657267950101182	0.3746237459700211	0.3834412190491644
100.0	0.2530693042770987	0.23857963834905213	0.2245301107994043	0.21095705078431876	0.1979052844126587	0.18542996524400163	0.1735986313967737	0.16249333008635888	0.15221245604024372	0.1428716377186341	0.13460259296477434	0.1275484743599101	0.12185417484460956	0.11765090918183566	0.11503657448032964	0.11405646419966364	0.11469094287747147	0.11685533125382801	0.12041238697648675	0.1251925156703601	0.13101484436675773	0.13770392562504224	0.14510017763429262	0.1530646642985879	0.16147990436915027	0.17024840793716522	0.17929019281559985	0.18854004992097273	0.19794495900761752	0.20746182616630648	0.21705557137291479	0.22669760819775883	0.23636456924863752	0.2460372982998757	0.25570005829657205	0.2653398666224504	0.27494601900850846	0.28450966881072065	0.29402349895875096	0.30348145777643676	0.3128785449357539	0.3222106372936807	0.3314743465443345	0.34066690246306663	0.34978605676120067	0.3588300017376882	0.36779730221513574	0.37668684797816204	0.3854978009615323
100.0	0.25460613744397775	0.24017030145280727	0.22618435735598208	0.21268558211500127	0.19971973948492022	0.18734281839049843	0.17562294861637892	0.16464226812331934	0.154498429978408	0.14530506000895088	0.13719011150996238	0.13029081395866757	0.12474394645195513	0.12067108359783095	0.11816049248638766	0.1172499737007853	0.11791643243656222	0.12007650135045897	0.12359825660854237	0.1283196769050351	0.13406784025378465	0.14067432178104186	0.14798502923822815	0.1558649187385778	0.16419902592508012	0.17289133645492688	0.18186259862265192	0.1910478375835901	0.20039394082969078	0.2098575609204591	0.21940327807181287	0.22900209449626782	0.2386302220152096	0.24826809842117775	0.2578995977876334	0.26751139741174973	0.2770924701476813	0.2866336759921465	0.2961274457734147	0.3055674784842386	0.3149485578048227	0.3242663688661098	0.3335173515413444	0.3426985813649671	0.3518076713877627	0.3608426904506548	0.3698020951658125	0.37868467322017135	0.38748949538695077
100.0	0.2560810149973352	0.24169666274957946	0.22777140534371187	0.21434336902695542	0.20145913891729017	0.18917540628882695	0.17756072776611473	0.1666971955665649	0.1566816298674626	0.14762563575805207	0.13965355164516177	0.13289710089920723	0.127485712464506	0.12353237603530015	0.12111695533110882	0.12027081679248737	0.12096795468577394	0.12312618208332171	0.12661818586721732	0.13128851279824658	0.13697120148500525	0.14350405150274978	0.15073791129386852	0.1585413071071393	0.1668016489885487	0.17542435103970144	0.18433089354515936	0.19345661176399162	0.20274840308525877	0.21216272091204127	0.2216638508209652	0.23122245450437673	0.24081438665807384	0.25041973150911034	0.26002202508462413	0.2696076284996676	0.279165222840902	0.2886854018268053	0.29816034207049374	0.30758353536265326	0.31694957090745857	0.32625395672207314	0.33549298505692393	0.34466357930991315	0.35376322101613666	0.36278986342087743	0.3717418591235197	0.38061790177980687	0.38941697731710534
100.0	0.2574957320193295	0.24316055060526962	0.22929315068309186	0.2159324200129371	0.20312566339296279	0.1909301604770059	0.17941478576349534	0.16866147394496805	0.15876613316226604	0.14983835991645375	0.14199904023793258	0.13537476981810845	0.1300882663176795	0.12624489175192713	0.12391713182922241	0.12313078470773849	0.1238573792931518	0.126015805571848	0.12948275663339384	0.1341085205064002	0.1397332644240558	0.1462003290263427	0.15336502286455286	0.16109914498429287	0.16929230827688144	0.17785132981756405	0.18669847108581458	0.1957693801131717	0.20501100061824828	0.21437965969254408	0.223839407289504	0.23336061948708411	0.24291884177488005	0.25249384355400667	0.2620688642713239	0.271629981461512	0.2811656127551851	0.29066610978791596	0.30012342841850975	0.3095308602069741	0.3188828131320488	0.3281746318000668	0.3374024495798787	0.3465630662693221	0.3556538468636108	0.3646726370570549	0.37361770594572685	0.3824876451008818	0.39128136121556917
100.0	0.25885230423255673	0.24456404733262943	0.23075177638135877	0.2174550631256487	0.20472184307644997	0.1926098871302702	0.18118828875772328	0.17053873915506218	0.16075618714975956	0.15194825364367742	0.14423254063613913	0.13773088545729822	0.13255990339380275	0.1288181051018331	0.1265714593667199	0.12584090835893133	0.1265958530683348	0.12875613439852493	0.13220200407200658	0.1367888019101558	0.14236212254042355	0.148770259024576	0.15587255400272054	0.16354382579628532	0.17167578175366152	0.180176537510993	0.18896911164990612	0.1979895108250422	0.20718476953867127	0.216511134416191	0.22593247182929405	0.2354189165548511	0.24494574797725105	0.2544924665859424	0.26404204035791773	0.2735802927383492	0.28309540221359	0.2925774963377483	0.30201833310022397	0.3114110202605279	0.3207497990068783	0.33002986296514947	0.3392472089699849	0.34839851356833945	0.35748103029765693	0.3664925042617623	0.3754311000344718	0.3842953416929173	0.393084061724434
100.0	0.26015287576474205	0.24590937570114585	0.2321496171815736	0.21891378674546746	0.2062503731542472	0.19421755541004118	0.18288456436161507	0.17233278066001873	0.16265616695016594	0.15396041562549795	0.14636001353835731	0.1399723766896553	0.1349085478684262	0.13126087365214134	0.12908953566243747	0.12841121307652514	0.1291934738325068	0.13135703055057482	0.1347852584905024	0.13933794655440873	0.1448655478774681	0.15122080577987435	0.1582667306363715	0.16588090509468859	0.1739569772072979	0.18240433239423776	0.19114673599255397	0.2001205583004688	0.20927295710650545	0.21856013764940785	0.22794582321020954	0.23739994721066324	0.24689755859572832	0.2564179173852898	0.26594375320023717	0.27546065943996234	0.2849565996381363	0.29442150463373923	0.3038469440955847	0.3132258575392012	0.322552330136885	0.331821414776775	0.3410289844302572	0.3501716011516086	0.3592464148873625	0.36825107694121534	0.37718366722304103	0.3860426329974125	0.3948267373289239
100.0	0.26139966203265474	0.24719883760847763	0.23348909172119625	0.22031116477581503	0.207714031223921	0.19575620709716707	0.1845069937940435	0.1740474122037579	0.16447042502904374	0.15587985309055974	0.14838723351566524	0.14210587214124998	0.13714170973632006	0.13358152731104272	0.13148034077223555	0.1308510634249948	0.13165963819922843	0.13382759158814472	0.1372410927547435	0.14176392984780126	0.14725084841924838	0.1535586011707623	0.1605535340519067	0.16811577999299687	0.1761408000378887	0.1845391705755734	0.1932353831728752	0.20216620507927055	0.21127894157660665	0.22052979618970978	0.22988238317516216	0.23930645803303893	0.2487768706314729	0.2582726692012435	0.2677763705346575	0.2772733616913863	0.28675141044217534	0.2962002648610127	0.3056113252203916	0.3149773751432201	0.32429236016842283	0.3335512052011428	0.3427496642050945	0.35188419199791726	0.36095183833863587	0.36995017027160493	0.37887718895068123	0.38773126981417244	0.39651111083747104
100.0	0.2625948957959295	0.2484347568328271	0.2347726440744504	0.2216497975156015	0.20911561831235853	0.19722889925487055	0.18605895680397483	0.17568641383413822	0.16620323260650985	0.15771142524388684	0.15031973909480786	0.1441376564208234	0.13926643884772844	0.13578780084825803	0.13375213038451836	0.1331690096974206	0.13400300639764184	0.13617634722974994	0.13957768086180286	0.1440743520819511	0.14952498740326797	0.15578996666262812	0.16273868037186048	0.17025361389324403	0.17823192215129832	0.18658532027302338	0.19523900644818584	0.20413013682421682	0.21320618235614017	0.2224233537964021	0.23174518384462955	0.2411412981717515	0.25058637439510884	0.2600592865075703	0.2695423519003609	0.2790207674969414	0.2884821233504098	0.2979160005275547	0.3073136442147803	0.3166676950535996	0.3259719676026701	0.3352212671487646	0.34441123784216404	0.35353823625305836	0.36259922597069705	0.371591689926529	0.3805135543630794	0.38936312453275984	0.39813903865913935
100.0	0.2637407958618508	0.2496194441704529	0.23600270412863192	0.22293226705023406	0.21045790932575628	0.1986386488287452	0.18754377207024142	0.17725347657000798	0.16785873169791662	0.15945980736040322	0.1521628006062268	0.14607362672473367	0.14128926046314708	0.13788684707042573	0.13591259671732053	0.13537308838875903	0.1362316554057496	0.13841117789812943	0.1418025354982749	0.1462762687744805	0.15169450086199493	0.15792090727268443	0.1648276649266932	0.17229943253600016	0.18023494826434444	0.18854700670223418	0.19716148903312528	0.20601593960816725	0.21505800815167106	0.22424394127295555	0.23353721421655996	0.24290733726170638	0.2523288395043393	0.26178041750265446	0.2712442279398301	0.2807053035855129	0.29015107739604074	0.29957098431056756	0.3089561154406691	0.31829897972998533	0.3275932705838004	0.3368336823291198	0.34601575792915856	0.3551357618504958	0.36419057377746095	0.373177599704386	0.38209469686331526	0.3909401105714589	0.39971242133323254
100.0	0.26483955501988643	0.2507551715931923	0.23718166040546354	0.22416110910613662	0.21174362397052343	0.1999884040405208	0.18896466922034189	0.17875216260956084	0.16944086489759766	0.16112938898580226	0.15392135399412632	0.14791936107472858	0.14321640117560916	0.13988543125261788	0.13796888544122518	0.13747065919461748	0.13835298592757653	0.14053934427794335	0.14392262456368018	0.14837624750070375	0.1537655103209538	0.15995708503579342	0.1668257050111776	0.17425804180192256	0.18215430984747222	0.19042832889985833	0.1990066383131871	0.207827166716425	0.2168377517841371	0.22599469207338446	0.23526142493277455	0.24460736602171543	0.25400691635437755	0.26343862679741636	0.2728845018525469	0.282329422512334	0.29176067007063533	0.3011675332291559	0.31054098365802363	0.3198734089617294	0.329158405112604	0.33839054818791975	0.3475652869390234	0.3566787999191425	0.365727888534179	0.3747098874534099	0.3836225891006878	0.39246417970093483	0.40123318526809554
100.0	0.265893330929687	0.25184421378277894	0.2383118895250641	0.22533882859343018	0.21297541937328715	0.2012809947398103	0.1903247022172301	0.18018583924949838	0.1709534281908414	0.16272445861191318	0.15560019557688956	0.14968014120675596	0.1450536212054232	0.14178975848760317	0.13992755770601192	0.13946849367231048	0.14037381629982584	0.1425675513842382	0.145944408287161	0.15038041687966835	0.15574375500057241	0.16190383462757182	0.16873774051704576	0.1761340083135599	0.1839942415989862	0.1922332251936797	0.20077813169210948	0.209567266276824	0.2185486597435295	0.22767867699584055	0.23692073392202476	0.24624416913453262	0.25562327324893686	0.2650364684397823	0.2744656227651806	0.28389547976757723	0.29331318665815204	0.3027079040823161	0.3120704833086457	0.32139319931926635	0.3306695295879468	0.33989396985766884	0.3490618812098142	0.3581693764078242	0.36721316979687335	0.3761905285825043	0.3850991843437379	0.39393734566813465	0.40270351217327066
100.0	0.2669041332903483	0.252888643754597	0.2393955729552981	0.22646774205715237	0.21415580393488176	0.2025192125946574	0.19162697071383797	0.18155790980899644	0.17240012323698606	0.16424906211280252	0.15720377280956196	0.1513608700047009	0.1468062718622764	0.14360558135059867	0.14179467651300218	0.1413728391641788	0.14230043512423063	0.14450199113539414	0.14787386795681798	0.1522944663532514	0.15763459043040762	0.16376616269596247	0.17056843575328443	0.17793167728419385	0.18575878844324115	0.19396547004936787	0.20247950078182647	0.21123955768543853	0.22019386904893812	0.22929887380079034	0.23851798026942392	0.24782046221386722	0.25718051761803645	0.2665764549506063	0.27599001967762954	0.28540583090081684	0.29481091329799497	0.30419431006529946	0.3135467615323404	0.32286043880327203	0.3321287230326872	0.34134602118515095	0.3505076127364012	0.3596095212125779	0.3686484926383759	0.377621747083042	0.38652687100054434	0.3953619290512258	0.40412534952333046
100.0	0.2678738830504495	0.2538904685981269	0.2404348552711175	0.22755015643839577	0.21528725087861278	0.20370567701893746	0.19287429843571735	0.18287147980420596	0.17378440152954	0.1657070426515014	0.15873633990271518	0.1529661872406271	0.148479368751541	0.14533824604606296	0.1435758465118341	0.14318946238913224	0.14413864705615864	0.14634838667029174	0.14971654576129378	0.15412368668474813	0.15944301545790376	0.1655487609403961	0.17232217887701937	0.17965514797933219	0.18745178604396878	0.19562866076857027	0.2041141324174422	0.21284723902704406	0.22177640723130393	0.23085815865225398	0.24005590464206475	0.2493388732709756	0.2586811786649286	0.268061029859838	0.27746005815171065	0.28686277243014846	0.2962560855232409	0.3056289326692717	0.3149719517110507	0.3242772176789696	0.3335380223200746	0.3427487961446723	0.35190472371947246	0.36100166926584876	0.37003622898358846	0.379005550011283	0.38790725364884077	0.3967393696798128	0.4055002868354737
100.0	0.268804522159623	0.25485173250816745	0.24143185723319416	0.22858828923084737	0.21637210650254743	0.20484290888697856	0.1940694058225241	0.18412949581519783	0.17510947276289293	0.167101907618366	0.16020174754410918	0.15450034519593073	0.1500775575824151	0.14699275345337515	0.14527632653021913	0.1449237422346345	0.14589384280601547	0.1481120366525393	0.15147757883082658	0.1558729969180326	0.16117369398877054	0.16725602342154483	0.1740030955163128	0.18130829022610676	0.18907686715864883	0.19722621468101528	0.2056852494166533	0.21439336072126122	0.2232991735700265	0.23235929821901743	0.2415371590824786	0.2508019464514459	0.2601277044842469	0.2694925521094961	0.2788780257394195	0.2882685290466721	0.29765087347566144	0.30701389106546223	0.3163482658294993	0.3256459095538619	0.3348999641864383	0.3441046775300233	0.35325518211037377	0.3623473665566264	0.3713777669308187	0.3803434755666417	0.38924206345462903	0.3980715146306735	0.40683017077676287
100.0	0.2696978839543821	0.2557743314281495	0.24238856833331734	0.22958424307842334	0.21741260960194037	0.2059333093367074	0.19521488611762766	0.18533477557482236	0.1763784123590957	0.1684370212692975	0.1616036667888227	0.15596731642308528	0.15160510062518803	0.14857361795197357	0.14690084605352383	0.14658058070584307	0.14757100226644082	0.149797906719182	0.15316179119603546	0.15754700770051336	0.16283099118386146	0.1688920628143671	0.1756150607723248	0.18289475128453064	0.19063746664147982	0.1987613724832771	0.2071959176350722	0.21588083216304133	0.22476493804870099	0.2338049387057087	0.2429642793540113	0.2522121221740851	0.2615224516512812	0.27087330810371046	0.2802461387843716	0.2896254366291356	0.2989977640829597	0.308351833430653	0.3176781017638866	0.32696847223933256	0.3362160742595758	0.3454150857550756	0.35456057287174725	0.36364836294562675	0.37267493583105243	0.3816373322940901	0.3905330761279268	0.3993601081453707	0.40811673033174495
100.0	0.2705557070094194	0.2566600755798132	0.24330688617609952	0.23054002203876814	0.21841089138769923	0.20697916054939292	0.19631319901816413	0.18648998499517241	0.1775941216451282	0.1697155471080538	0.16294554303039296	0.1573708358384312	0.15306601092288993	0.15008509715454724	0.1484538414186378	0.1481645040859134	0.14917465940509242	0.1514104596913449	0.15477355767021747	0.15914997189962776	0.1644190053645465	0.1704607878051266	0.17716175013656504	0.18441798275279916	0.19213682790008108	0.20023720285219335	0.2086490473070017	0.217312421350522	0.22617634166558653	0.2351976081607453	0.24433969314537687	0.25357175332960097	0.26286792189309405	0.27220595001080605	0.2815672056080175	0.29093591421106124	0.3002987074539776	0.3096442460765983	0.31896290542645517	0.3282465123734729	0.33748812665051126	0.34668185842510196	0.3558227087980027	0.3649064480002931	0.3739295042248285	0.38288886969583147	0.3917820238979824	0.40060686700255516	0.40936166356048154
100.0	0.27137964533972236	0.25751069132795523	0.24418862263760402	0.23145753651823564	0.21936897967475888	0.2079826287622444	0.19736667401673044	0.1875976432607888	0.1787593349639507	0.1709404576920119	0.16423060364317302	0.15871439093475628	0.15446402510449223	0.15153114537971227	0.14993943397213536	0.14967973476168228	0.15070906431047473	0.15295390334239162	0.15631696774601178	0.16068581234167767	0.16594146630502607	0.17196574246319976	0.1786465614629862	0.18588123935104864	0.19357806665581193	0.2016566436124564	0.2100474141994318	0.21869075760678128	0.22753597467792697	0.23654003608207114	0.24566627298935614	0.25488381566767565	0.2641665560779812	0.2734924042909433	0.28284265591105584	0.2922014590043958	0.30155536618250667	0.3108929602755521	0.3202045414907402	0.3294818654140412	0.3387179245668783	0.34790676491599953	0.3570433323217364	0.3661233437772124	0.3751431768610839	0.38409977468187867	0.3929905774551663	0.40181344707722993	0.41056661291378144
100.0	0.27217127019936593	0.2583278133902774	0.24503549021989032	0.23233859530245102	0.22028879690451278	0.20894577085332428	0.19837752055282507	0.18866013234635884	0.1798766294502876	0.17211454506233634	0.16546187153728353	0.16000123874271396	0.15580262354022997	0.15291543816331135	0.1513614482899137	0.15113018797401323	0.1521781582415705	0.1544321424981927	0.15779583740598088	0.16215821703306565	0.1674019087646409	0.1734102897919512	0.18007267039844851	0.18728751555380266	0.19496401083012252	0.20302257546324057	0.21139406448626902	0.22001905199447805	0.22884693568433756	0.23783471470690304	0.24694593426963424	0.25614972837617966	0.26541993910392264	0.27473442225973294	0.28407440817615137	0.29342397408446713	0.3027696001911403	0.3120997972596204	0.3214047958565606	0.33067628515055303	0.3399071948891938	0.34909151248562303	0.3582241292757971	0.36730071103926354	0.37631758874895893	0.3852716663316635	0.3941603432483291	0.4029814419444314	0.4117331593728294
