100.0	100.0	100.0	100.0	100.0	100.0	100.0	100.0	100.0	100.0	100.0	100.0	100.0	100.0	100.0	100.0	100.0	100.0	100.0	100.0	100.0	100.0	100.0	100.0	100.0	100.0	100.0	100.0	100.0	100.0	100.0	100.0	100.0	100.0	100.0	100.0	100.0	100.0	100.0	100.0	100.0	100.0	100.0	100.0	100.0	100.0	100.0	100.0	100.0	100.0
100.0	3.4286523776098834	3.4213830793152455	3.414179130140843	3.407038375473262	3.399958647372419	3.392937889524643	3.385974107585762	3.379065297493648	3.372209622577727	3.3654052990011762	3.3586505658234613	3.351943716021932	3.345283095630823	3.3386671554105285	3.332094310858299	3.3255630363223188	3.3190718743741865	3.312619357117609	3.306204117484938	3.2998248889366444	3.293480389934191	3.287169379792299	3.280890657554923	3.2746431136565026	3.2684256055401573	3.2622370096837354	3.256076272851062	3.249942289973153	3.2438341244334397	3.237750860753743	3.231691577326381	3.2256553831676262	3.2196414169585372	3.2136489226808282	3.2076770442105906	3.201724979494217	3.1957919591101698	3.1898771596460818	3.183979997283237	3.178099795720287	3.1722359020741764	3.1663876864058937	3.1605545433085167	3.154735995978495	3.148931366507849	3.143140109413463	3.1373615987322894	3.1315953810132426	3.125841014645287
100.0	2.2876697725601955	2.281610487135457	2.275661511413195	2.269819605841109	2.26408161633447	2.2584444722312207	2.2529051002511453	2.247460709443001	2.2421084721842566	2.2368455986871467	2.2316694098276213	2.226577300054932	2.221566735245726	2.216635251223408	2.211780452209649	2.2069999183580493	2.2022914227599326	2.1976528185463127	2.193082082075437	2.1885770389270727	2.1841356535380436	2.179755965219833	2.1754360694796664	2.1711741168437744	2.166968269464605	2.162816719242909	2.1587178794192536	2.1546701065666327	2.1506718057375687	2.1467214290106296	2.142817581155797	2.1389587298834822	2.135143429661972	2.1313703089168436	2.1276379848930675	2.1239451193980625	2.120290561509897	2.116673097935307	2.113091552685598	2.1095447856309253	2.1060316917082345	2.102551200070146	2.0991022728274724	2.0956839043882107	2.092295217380548	2.0889351408781325	2.0856027107130064	2.0822971255170963	2.0790175327755653
100.0	1.7358274894366157	1.730252782445015	1.7248252239832886	1.7195407175272224	1.7143952582315525	1.7093849319486667	1.7045059140198375	1.6997544681649903	1.6951269453838522	1.6906197826525318	1.6862295018542215	1.6819527084022516	1.677786090191413	1.673726416269984	1.6697705355374672	1.6659153752591764	1.6621579815122836	1.6584954858286511	1.654924950916958	1.6514436051146062	1.6480487502405254	1.6447377671294365	1.641508083747962	1.6383572081929407	1.6352827153592095	1.6322822449463181	1.629353500610533	1.6264942484514426	1.6237023161217856	1.6209755911309542	1.6183120196144347	1.6157096050752535	1.6131664070899308	1.610680540212708	1.6082501725543585	1.6058735246435933	1.6035488680965935	1.6012745245349114	1.5990488644524181	1.596870305885316	1.5947373132044362	1.5926483961682	1.590602108746113	1.5885970481164924	1.586631853459294	1.5847052048371009	1.5828158221919877	1.580962464366789	1.5791439283040098
100.0	1.393585590172782	1.3881086454822058	1.3828147522192822	1.3776991341832692	1.3727570970989913	1.367984028821677	1.3633753996940337	1.358926762711879	1.354633753670332	1.3504920910730607	1.3464975762203226	1.3426460930975515	1.3389336082086694	1.335356170246316	1.331909909838872	1.3285910392167612	1.3253958517096998	1.3223207212507027	1.319362101879437	1.3165165271060801	1.313780609367533	1.3111510389927197	1.3086245836770212	1.306198096088236	1.3038684942418002	1.301632766138211	1.2994879802815367	1.297431277950507	1.2954598722558714	1.2935710471238389	1.2917621561856525	1.290030621807573	1.2883739338636335	1.2867896486684016	1.285275387949775	1.2838288376561482	1.2824477466792321	1.2811299257473068	1.2798732462520817	1.2786756390151601	1.2775350932154956	1.2764496551127833	1.2754174269004843	1.274436565501635	1.2735052813443741	1.2726218373167812	1.2717845474621436	1.2709917758654958	1.2702419353751
100.0	1.1523786124736837	1.146786231997075	1.1414136013961798	1.1362554668600895	1.1313066265322873	1.1265619328225347	1.122016294376387	1.1176646782568846	1.1135021119004216	1.109523685095676	1.105724551931499	1.1020999324739886	1.098645114471816	1.0953554550348876	1.0922263819721412	1.089253395217543	1.0864320681400754	1.0837580486990348	1.0812270604115592	1.0788349032201308	1.0765774546166593	1.074450676548828	1.072450596040537	1.0705733254845609	1.0688150568908956	1.0671720617402558	1.0656406911262188	1.064217375694281	1.0628986256442805	1.0616810304218842	1.0605612585259419	1.0595360571066241	1.0586022514004847	1.057756744223488	1.0569965154104086	1.056318620977328	1.0557201923578676	1.0551984357299466	1.0547506310309183	1.0543741310237549	1.0540663602362832	1.0538248139607864	1.0536470572712784	1.053530723499598	1.0534735284829742	1.0534732297709792	1.0535276547974644	1.0536346997539991	1.053792323343251
100.0	0.9689832721488485	0.963127760555598	0.9575303575961541	0.9521856114710803	0.9470880671128711	0.9422322698078571	0.9376127717693116	0.933224132609378	0.9290609199524211	0.9251177221386899	0.9213891491054818	0.9178698367719763	0.9145544512552493	0.9114376933498268	0.9085143027501958	0.9057790622600069	0.9032268017100561	0.9008524022495471	0.8986508000013691	0.8966169897786324	0.8947460285198731	0.8930330387083574	0.8914732114182546	0.8900618092269059	0.888794169063278	0.8876657046478128	0.8866719087451115	0.8858083551233834	0.8850707007002305	0.8844546866957059	0.8839561539819616	0.8835710085949648	0.8832952480662359	0.8831249637921844	0.8830563367902302	0.8830856378899584	0.8832092278514664	0.8834235577078041	0.8837251684279251	0.8841106906715612	0.8845768443659899	0.8851204380307186	0.8857383680636702	0.886427618146396	0.8871852582246549	0.8880084432730396	0.8888944123723982	0.8898404881904177	0.8908440744978265
100.0	0.822530804183744	0.8162869195006991	0.8103416332908794	0.8046897176216673	0.7993258503244903	0.7942446261564637	0.7894405582226683	0.7849080831073733	0.7806415664593215	0.7766353094418564	0.7728835553757518	0.7693804969537466	0.7661202838835629	0.763097030599365	0.7603048247276494	0.7577377350875917	0.7553898204233959	0.7532551377230585	0.7513277508522316	0.7496017388347646	0.7480712042465701	0.7467302813316019	0.7455731440088839	0.7445940133562963	0.7437871709483935	0.7431469606965919	0.742667774843688	0.7423440928211688	0.7421704740974274	0.7421415633459225	0.7422520955670043	0.7424969004053992	0.7428709061830117	0.7433691433171613	0.7439867474408944	0.7447189621769579	0.7455611413112371	0.7465087505922164	0.747557369038252	0.7487026901618066	0.74994052263834	0.7512667920888576	0.752677537394623	0.7541689143140399	0.7557371910723883	0.7573787514804547	0.7590900923695957	0.7608678223512011	0.7627086604367134
100.0	0.7016384285436873	0.6948829914239146	0.6884687950827665	0.6823914836617959	0.6766464935895591	0.6712290491117242	0.666134160708253	0.6613566322962818	0.6568910624081499	0.6527318494258196	0.6488731985041554	0.6453091299266028	0.6420334890286029	0.6390399576798854	0.6363220666838196	0.6338732094860914	0.63168665678305	0.6297555720951875	0.6280730276935499	0.626632021092535	0.6254254917855588	0.6244463384666219	0.6236874354553426	0.6231416498157186	0.6228018704939307	0.6226609896386789	0.6227119412979089	0.6229477195150374	0.6233613861785047	0.6239460840185186	0.6246950485228561	0.6256016188214172	0.626659247761549	0.6278615108659032	0.6292021144324478	0.6306749024846472	0.6322738628092077	0.6339931321149757	0.6358270006084974	0.6377699157073343	0.6398164821638982	0.64196146687567	0.6441997978008813	0.6465265660168237	0.6489370250291324	0.651426589835941	0.653990835910484	0.6566254973854644	0.6593264650174664
100.0	0.5996057814195567	0.5922055425915399	0.5851906184141263	0.5785585315481931	0.5723064554212663	0.5664311954933633	0.5609291730305165	0.5557964123766443	0.5510285323246162	0.546620739729566	0.5425678281513499	0.5388641787498695	0.5355037700792744	0.5324801876204204	0.5297866386032037	0.5274159706147785	0.5253606936348026	0.5236130054674338	0.5221648196377088	0.5210077957989252	0.5201333721060245	0.5195327985517326	0.5191971715611514	0.5191174687324689	0.5192845834864616	0.519689359508754	0.5203226279791098	0.5211752407277204	0.5222380694532714	0.5235020749781415	0.5249583183104101	0.5265979849362754	0.5284124067493843	0.5303930815698343	0.5325316905224939	0.5348201128611342	0.5372504387286039	0.5398149795789893	0.5425062767404407	0.5453171086585392	0.5482404936784707	0.5512696939826601	0.5543982179796323	0.5576198203449585	0.5609285004269167	0.564318500204745	0.567784301265425	0.5713206209417148	0.5749224078758899
100.0	0.5123332495367859	0.5041367543941718	0.49636892077430467	0.4890306584318929	0.48212242341611333	0.475644158152844	0.4695952339457126	0.46397439684538283	0.4587797187777368	0.4540085548603406	0.44965750816236827	0.445722403599476	0.44219827124070576	0.4390793402512455	0.43635904464034164	0.43403003635664045	0.43208421441596323	0.4305127605435357	0.42930618667692516	0.4284543893774929	0.42794671206669505	0.42777201295062345	0.42791873684832415	0.4283749898583573	0.4291286151367746	0.43016726806537847	0.43147848974856473	0.4330497774744517	0.43486865137598063	0.43692271676231953	0.4391997267546976	0.44168762351469226	0.4443745689776547	0.4472490131157381	0.45029971452229345	0.4535157675394988	0.4568866239067926	0.46040210964818284	0.4640524371194643	0.4678282128191365	0.47172044144727365	0.4757205274028324	0.4798202707737528	0.48401186335449303	0.48828788211986873	0.49264128327038387	0.4970653886624183	0.501553876110262	0.5061007674302704
100.0	0.4373376361182812	0.4281714248399534	0.41947167393230045	0.4112447743331325	0.40349675226996246	0.3962331342946597	0.38945880720229475	0.38317787739376524	0.3773934875361117	0.3721077133612922	0.3673214130197352	0.36303410440456896	0.3592438606794788	0.3559472288431308	0.353139175706075	0.35081306354241437	0.3489606580186383	0.34757216873179647	0.34663632123767224	0.34614045833891394	0.346070668031081	0.34641192830657136	0.3471482727818721	0.3482629657001178	0.3497386779545876	0.3515576640530927	0.3537019336200817	0.3561534132292694	0.3588940951409643	0.3619061709767365	0.3651721491301564	0.36867495523587573	0.3723980153751293	0.3763253240918403	0.3804414936444894	0.3847318131477395	0.3891822139196993	0.39377934286030625	0.39851054664010743	0.4033638680404827	0.40832803548418917	0.4133924473991102	0.4185471522499234	0.4237828254446403	0.4290907446869639	0.4344627607693118	0.43989127107048814	0.44536919116887963	0.450889930314015
100.0	0.3732754885947596	0.362950040408975	0.35311397106400083	0.3437815149273171	0.33496718052563473	0.32668553262249	0.31895093007349046	0.31177722015620624	0.30517739333133015	0.29916320539759733	0.2937447784595051	0.28893019638270756	0.2847251132667146	0.2811323973631406	0.27815182989092424	0.2757799030856398	0.27400963547138724	0.272830610547202	0.2722290489508127	0.27218800768083334	0.2726876757666923	0.27370574828563055	0.275217856696581	0.277198031348588	0.2796191717662113	0.2824535040445962	0.28567300688831754	0.2892497926065536	0.2931564369362233	0.2973662575404772	0.30185352807081217	0.3065936429156389	0.3115632337721706	0.31674024312627147	0.32210396135744307	0.32763503397158983	0.33331544501223653	0.33912848299019105	0.34505869045160037	0.351091818136631	0.3572147367848044	0.3634153788506656	0.3696826816109673	0.37600651134598856	0.38237759632037155	0.3887874624650465	0.3952283717669981	0.4016932645976947	0.4081757036321754
100.0	0.31972449088582316	0.30806344253255935	0.2968846303744157	0.2862112000332881	0.27606829645915015	0.2664829376391552	0.25748377450430004	0.24910070986410687	0.2413643482127218	0.23430525909592337	0.22795304749636136	0.22233524562630336	0.21747605965731806	0.2133950528921226	0.21010586069858236	0.20761506012841408	0.20592132012155936	0.20501494024261344	0.2048778464170175	0.20548405714267504	0.20680057406339017	0.20878859694019963	0.21140495728474956	0.21460355827752164	0.2183368302628795	0.22255700554684898	0.22721718188518158	0.23227215999875075	0.23767905238954748	0.2433976849794331	0.24939082230803486	0.2556242520295165	0.26206676008598284	0.2686900320565345	0.27546850082319346	0.2823791705236324	0.28940141146474563	0.2965167608085213	0.30370872388192915	0.31096258411553895	0.3182652248198959	0.3256049650119849	0.3329714063804003	0.3403553039875386	0.34774843462560273	0.35514347546268277	0.3625339272118907	0.36991401643585303	0.37727861699145376
100.0	0.27706862317335396	0.2639857605590316	0.2513314042897464	0.23913365124551225	0.22742533468752005	0.2162446075200361	0.20563541896817156	0.19564792661986802	0.186338587514426	0.17776980413062102	0.17000888852199658	0.16312609730498984	0.15719153455998405	0.15227086393655812	0.1484200409935323	0.14567964257930754	0.14406971365008325	0.1435862129665485	0.14419993527164193	0.1458582595406004	0.14848933816516904	0.15200783256843586	0.15632105319404896	0.16133453838087114	0.16695647604012004	0.17310076819821954	0.17968883317099626	0.18665039061876287	0.1939235308921532	0.20145430400850864	0.20919604883769763	0.21710864203688146	0.22515769353982976	0.23331378824096047	0.2415517926955189	0.24985023882120388	0.25819078594039985	0.26655775705084067	0.27493774278593236	0.2833192642931423	0.29169249380161244	0.3000490067119035	0.3083815806186319	0.31668402325612505	0.32495102699225004	0.3331780455629707	0.34136118827446676	0.3494971385146758	0.3575830638453969
100.0	0.2462986024520535	0.23193905383432564	0.21791156908593523	0.20423781326566548	0.19094537582170515	0.1780694174458589	0.16565479537236738	0.1537587688852276	0.14245434644612234	0.13183420821212885	0.12201482983513695	0.1131398130751217	0.10538037364170907	0.09892959140471316	0.0939862325760714	0.09072576163918952	0.08926273052120279	0.08961776159701282	0.09170602638265302	0.0953544723814325	0.10033859042902447	0.10642119071333732	0.11338047215388831	0.12102435096722278	0.1291942433763338	0.13776289480021284	0.1466297719211598	0.15571601064157095	0.16495985527214513	0.17431287198448656	0.18373694336479254	0.1932019378552003	0.20268392178786487	0.21216379441349748	0.2216262537543504	0.23105897509129064	0.24045201658511867	0.24979733881596275	0.2590884327208921	0.26832002887032735	0.2774878680434137	0.28658851859209544	0.29561923096273623	0.30457781811656137	0.313462566394762	0.3222721529405557	0.3310055833142888	0.33966213969004627	0.3482413380469168
100.0	0.22846981938410246	0.21334847558355724	0.19847712366665046	0.18386447978950754	0.16952291813409226	0.15546991433528962	0.14173021113912937	0.12833913811571548	0.1153478099505631	0.10283142097289516	0.0909026442399892	0.07973317631259862	0.06958688260027354	0.060863618495153066	0.054131184801511044	0.05006842436555377	0.04921259020013723	0.051606165823504635	0.05673714852147762	0.06386144393265475	0.07231724105317097	0.08162722313217977	0.0914750574779177	0.10165581648180981	0.11203595346157916	0.12252689857325805	0.13306866243247337	0.14361976193364548	0.15415096829588742	0.1646413548842165	0.1750757438544854	0.1854430205532359	0.19573499697339086	0.20594562681279943	0.21607045673425723	0.2261062341165098	0.2360506227518612	0.24590199257109047	0.2556592645768484	0.26532179378418347	0.2748892717966161	0.28436166523366624	0.2937391584564933	0.30302211070150664	0.3122110220748743	0.3213065064309332	0.3303092693327715	0.339220089501267	0.34803980765505066
100.0	0.22376180577766594	0.20869741414499615	0.1938964554404884	0.17937089303845077	0.1651374197147649	0.1512193481165292	0.1376494441302417	0.12447425212929762	0.11176080267882267	0.09960713067482868	0.088158679624373	0.07763301948873498	0.06835308471680931	0.06077788428539083	0.05548849631012576	0.05305003183713819	0.053735095238518174	0.05732670004773329	0.06323985590362531	0.07081614934583698	0.07951313433759492	0.08894331102262443	0.09884528291753382	0.10904514106391167	0.11942639535430981	0.12990980258700593	0.14044047021245357	0.15097968322506264	0.16149969752599566	0.1719803436316923	0.18240679296052906	0.1927680504446765	0.20305591904399675	0.21326427557829328	0.22338855545379835	0.23342538052871498	0.24337228542321948	0.25322751418338524	0.26298986815333025	0.27265858901328577	0.2822332690488534	0.2917137814268769	0.3011002238312058	0.31039287586372233	0.3195921708100602	0.32869865880870414	0.3377129877679736	0.34663588504952747	0.35546814248522574
100.0	0.23079610359205954	0.21656738565509523	0.20271030473031665	0.18925602261312682	0.17624433374978477	0.16372611392279846	0.15176642212534566	0.14044828109205218	0.12987699158752297	0.12018436945346711	0.11153147411684695	0.10410707862821185	0.09811772413074818	0.09376514540853907	0.09121070372849785	0.0905353500448322	0.09171250499159467	0.09460923473220835	0.09901576598286792	0.10468765753646218	0.11138268172963658	0.11888358641383877	0.12700732523822708	0.13560543045555323	0.14456007465970178	0.15377876842605226	0.16318921972230627	0.17273488658794578	0.18237144370312328	0.19206399218165032	0.20178492282849633	0.21151228422586238	0.22122853510421792	0.23091961763344745	0.24057421103322976	0.25018317805298046	0.259739131905786	0.269236097756877	0.27866924685089933	0.2880346868399558	0.2973292933885447	0.30655057418659654	0.3156965639430893	0.32476573518348123	0.3337569269241775	0.3426692852202602	0.35150221755905287	0.3602553521173707	0.3689284936713588
100.0	0.2469757788094024	0.23402336443590585	0.2215666167147078	0.20964832384813295	0.1983189376959565	0.18763745425493641	0.17767198901849174	0.1684998472477479	0.1602066628973006	0.152884133765454	0.1466258768467422	0.14152113138485078	0.13764653177097658	0.13505694590196773	0.13377714972929508	0.13379648711368247	0.13506816638166325	0.1375135232387683	0.14103003664852104	0.1455011761308232	0.15080574835433716	0.15682540632816336	0.1634497841538115	0.1705793566939032	0.17812650692336732	0.18601542584848574	0.1941813402356294	0.20256923217920464	0.21113268588258333	0.21983264703356445	0.22863628397665037	0.23751600027785563	0.24644859139065775	0.25541449397616706	0.2643972714734366	0.2733830412674681	0.2823600549614236	0.2913183880962403	0.3002496336818106	0.3091466691330543	0.31800346050194755	0.32681489565806426	0.3355766558277248	0.34428509519992967	0.3529371369312989	0.36153020173306616	0.37006213726686255	0.37853115642777957	0.38693578850506966
100.0	0.26949900284499106	0.25792103005342265	0.24692349917548992	0.2365469794595554	0.22683592762796367	0.21783825800402	0.20960451562096127	0.20218656615319108	0.19563573148130572	0.19000036888213617	0.18532297781157905	0.1816370593534692	0.1789640935120745	0.17731101876439956	0.176668685131413	0.1770116493827391	0.17829919707516914	0.18047761884486935	0.18348330422355377	0.18724618951133215	0.19169310999237646	0.1967507392625009	0.2023479329254519	0.20841739987619437	0.21489676927371001	0.22172909293843088	0.2288631200386743	0.2362531136096715	0.243858535758804	0.25164365508137193	0.25957710847260745	0.2676314449210088	0.27578268448978066	0.2840099654883175	0.2922949820955188	0.30062183467777404	0.30897667541263096	0.31734742953784273	0.3257235765083745	0.33409593286071265	0.34245651678543854	0.3507983654655054	0.3591154066402236	0.3674023507490105	0.37565459299466525	0.3838681311584045	0.3920394859501773	0.40016563991606846	0.40824397982122523
100.0	0.29606795285204807	0.28576819640773493	0.27608796789319573	0.26705885695416437	0.2587132880978778	0.25108377001785415	0.24420193938373128	0.23809741054187714	0.23279648184501434	0.2283207124807424	0.22468557834746625	0.2218992276774654	0.21996153916912756	0.21886356053067094	0.21858742738069512	0.21910678425993557	0.22038772406948248	0.22238985837723668	0.22506791822517377	0.2283733298012784	0.23225567171903183	0.23666415970700608	0.24154876891177404	0.2468611199186724	0.2525551860733733	0.25858777522845844	0.26491877447429996	0.27151126994716596	0.2783315434307658	0.2853489778557986	0.2925358898854823	0.299867364612997	0.3073210466127857	0.3148769103881205	0.3225170565584097	0.3302255087201343	0.3379880240313023	0.3457919369768919	0.3536259287830783	0.3614799315039225	0.36934498748391303	0.37721313831282827	0.3850773237632468	0.3929312702145656	0.40076939610919066	0.4085867485610791	0.41637893121697067	0.4241420516118461	0.43187265688466353
100.0	0.3250513736018479	0.3158650776347036	0.30730511095561336	0.2993932753552095	0.2921505659328134	0.28559654276683094	0.27974864435543184	0.27462147703758577	0.27022600525986423	0.26656892989354464	0.26365213698561557	0.2614722549946923	0.2600204248810229	0.2592822899685878	0.2592382114857075	0.25986369134620607	0.2611299941067276	0.2630048220010838	0.2654532626613527	0.2684385427185592	0.2719228255987904	0.275867969100899	0.2802361885586769	0.28499061388872543	0.29009568852277595	0.29551750687241324	0.30122402284532807	0.30718523269992437	0.3133731146774834	0.31976175043822946	0.3263272560876302	0.33304770689703617	0.33990305245584645	0.3468749835271088	0.35394684826602635	0.3611034858621157	0.3683312054259528	0.37561757367830206	0.3829513378809207	0.3903223350156104	0.39772136243978845	0.4051401378405343	0.41257116770846314	0.4200076796514182	0.4274435965602157	0.4348734437148156	0.442292287984617	0.4496956914232772	0.4570796606832112
100.0	0.3553742455982989	0.3471323640274992	0.3395050921786085	0.3325059687926456	0.3261470468686547	0.3204385050250486	0.31538817862626567	0.3110011609287934	0.3072794394646057	0.30422159824449935	0.3018226170195577	0.3000737773030439	0.298962660304241	0.29847327073676955	0.29858633951033703	0.2992795586512284	0.30052814957745183	0.3023052422146211	0.30458236909566194	0.30732998735304673	0.310518004354296	0.3141160858874148	0.3180941653554459	0.32242276599206143	0.327073266162129	0.3320181163995816	0.3372310368868674	0.3426870866533972	0.3483627436741531	0.35423594017993326	0.3602860633463792	0.3664938974649179	0.37284169664058164	0.3793130143004299	0.3858927208418025	0.39256679479132733	0.399322397823197	0.406147768813758	0.41303211943874424	0.4199655765510794	0.4269391170692434	0.4339444961236658	0.4409741844138209	0.4480212938867002	0.4550795844730231	0.462143389340172	0.46920750131795874	0.47626720265338324	0.48331820824133404
100.0	0.3863485046236544	0.3789016008183547	0.37204825988824486	0.3657957110807233	0.3601495497612143	0.3551134848582548	0.35068908022646095	0.34687556544109266	0.3436696521979497	0.34106543420820823	0.33905434440110915	0.33762518518876555	0.3367642089501308	0.33645527229414635	0.3366800212639764	0.33741831722532656	0.3386483951994378	0.34034707339359055	0.3424903082417366	0.3450534020247721	0.34801131402362495	0.35133897727319413	0.35501153213242825	0.3590045648940821	0.3632942626936152	0.3678576012359818	0.3726724485172013	0.37771763680200626	0.3829730262845044	0.3884196719255512	0.3940395904401203	0.3998159243385023	0.40573289154264647	0.41177575784702325	0.4179307824217681	0.42418519847087865	0.4305271553262986	0.4369456696169142	0.44343059551493713	0.4499725590639457	0.4565629124443807	0.4631936800392876	0.46985750551003524	0.47654762482101953	0.4832578086717283	0.48998234633340715	0.4967159947110942	0.5034539404621333	0.5101917754808619
100.0	0.41753855636984577	0.41076171575655707	0.4045535762608672	0.3989167284157613	0.3938522043547985	0.38935933193767336	0.3854356127229502	0.382076623722113	0.3792759597151316	0.37702519879500185	0.37531398504603913	0.3741300464395045	0.37345931078646505	0.373286078029421	0.37359318134540526	0.37436219045044666	0.3755736107181093	0.3772071519527985	0.37924191696298404	0.3816566431497061	0.384429887145195	0.38754027978924577	0.3909666419757549	0.3946881552498537	0.398684498049133	0.4029359531353015	0.40742345489401693	0.41212874541681344	0.41703433992893785	0.4221235791265068	0.42738067596758156	0.43279069870588166	0.43833955760408894	0.4440139997909754	0.449801610722503	0.455690700602074	0.46167038812832606	0.46773049536255423	0.47386156143079045	0.4800547693725032	0.4863019226491589	0.4925954159571734	0.49892819999261334	0.5052936857761071	0.5116858146048744	0.5180989926504882	0.5245280320486058	0.530968148872531	0.5374149085568768
100.0	0.448669739593223	0.44246100790253207	0.4367951997770626	0.43167155353451003	0.42708791655024386	0.42304066414958325	0.41952465560656194	0.41653320387960896	0.4140580652561366	0.4120894638807266	0.4106161596681389	0.40962558030969604	0.4091036846209355	0.4090354605436229	0.4094048435903212	0.4101949174342079	0.4113880533917038	0.41296610739102957	0.41491058481122567	0.4172027707478077	0.4198239080692367	0.4227553282617215	0.42597860362724493	0.42947548114594514	0.4332283194873435	0.43721987519742556	0.44143347637631897	0.4458530621769665	0.45046320336290435	0.4552491515164065	0.46019682709519494	0.46529291909194603	0.470524674180646	0.4758801530703976	0.48134805695887256	0.4869177178394261	0.492579107299683	0.4983228098823181	0.5041400578871764	0.5100225249964848	0.515962537308613	0.5219528726965991	0.5279867896436592	0.5340580196980252	0.5401607453819781	0.5462894903009787	0.5524392173241588	0.558605203691901	0.5647831020992555
100.0	0.47956957709392667	0.4738461813696931	0.46864054281469275	0.46394948982078127	0.4597686340377462	0.4560923478401341	0.4529137884606783	0.45022486094852726	0.44801625241717236	0.4462775005875937	0.44499703954800734	0.44416215503961093	0.4437593377581145	0.4437742499067893	0.4441918109077177	0.4449963495440719	0.4461717797136158	0.4477016646194159	0.44956935907969875	0.45175816064588586	0.45425135061385685	0.457032256711117	0.4600845527874005	0.4633921282077811	0.46693927765957893	0.47071069913096625	0.47469155980047784	0.47886757080388354	0.4832249479706578	0.487750393432109	0.49243128262373187	0.4972555676979131	0.502211758349403	0.5072889610796001	0.5124768591498835	0.517765586786769	0.5231459196675092	0.5286091648937538	0.5341471138831247	0.5397520615067452	0.5454167015895425	0.5511342363624799	0.556898297454261	0.5627029204250004	0.5685424543803251	0.574411693406011	0.5803057602001574	0.5862200606311835	0.5921503514394804
100.0	0.5101312284683239	0.5048258335564682	0.5000143385735498	0.4956918330474869	0.49185238639106915	0.4884890436702894	0.48559384011452017	0.48315781851019846	0.4811710860043108	0.47962284512337605	0.4785013721381453	0.4777943000408877	0.477488557819167	0.4775704778316213	0.4780258857620674	0.47884022310402663	0.4799986171440678	0.4814860567052894	0.48328737899155666	0.4853873430146305	0.4877709098774559	0.490423119477433	0.4933292208729505	0.49647471792971015	0.4998455137269188	0.5034278438080807	0.5072082841146063	0.511173966302709	0.5153124158428294	0.5196116397912844	0.5240601939089556	0.5286470556650208	0.5333617335656272	0.5381942255747217	0.5431350130915302	0.5481751046135038	0.5533059075387121	0.5585193095865831	0.5638076697983243	0.5691637597238552	0.5745807390819094	0.5800521933147557	0.585572063990494	0.5911346459800283	0.5967346614692335	0.6023670590839258	0.6080271262317221	0.6137104500050269	0.6194128965558164
100.0	0.540290068455051	0.5353476394542414	0.5308768380540242	0.5268715116995447	0.5233246571090319	0.5202284263392218	0.517574161704068	0.5153524281078359	0.5135529997968008	0.512164906783973	0.5111766443283547	0.5105761298677884	0.5103507628416399	0.5104875314239314	0.5109730785966826	0.5117938248255492	0.5129359171498918	0.514385396306373	0.5161283839538078	0.5181509776410159	0.5204393937344287	0.5229799990174806	0.5257593550549248	0.5287642349200636	0.5319818317834302	0.5353996231628508	0.5390054536664445	0.5427875276041616	0.5467344513396251	0.5508353123898139	0.5550795853685113	0.5594571609936807	0.5639583937910463	0.5685740759778963	0.5732953892671836	0.5781139674494487	0.5830218325540781	0.5880114948890676	0.593075754938891	0.5982078189186176	0.603401264748574	0.6086500225910254	0.6139483609542562	0.6192908726316113	0.6246724606136185	0.6300883240845032	0.6355339446007832	0.6410050725284793	0.6464977138024963
100.0	0.5700090582081775	0.5653842679646969	0.5612104878038339	0.5574806712922261	0.5541870917599898	0.551321306943528	0.5488742608975049	0.5468361978554545	0.545196738862499	0.5439450766496611	0.5430698564247731	0.5425593332772332	0.5424014060274102	0.5425837170853547	0.5430935583712689	0.5439181157542542	0.545044485517562	0.5464597554963583	0.5481510120921818	0.5501054171407458	0.5523101825232817	0.554752770306839	0.5574208600222879	0.560302382928956	0.5633854615679365	0.5666586205892363	0.5701107124719141	0.5737308696665698	0.5775086485995706	0.5814339381077571	0.585497088107287	0.5896887639689665	0.5940000103592428	0.5984222712307529	0.60294737033563	0.6075675057549978	0.6122752428750814	0.6170635060654401	0.6219255693031467	0.6268550459548028	0.6318458779143115	0.6368923242648923	0.6419889496194098	0.6471306122653527	0.6523124522361161	0.6575298793980543	0.6627785616375145	0.6680544132179889	0.6733535833605208
100.0	0.5992693976200606	0.5949245753535821	0.5910117621819981	0.587523292509728	0.5844509312860043	0.5817858954597172	0.5795187653622355	0.5776397249301422	0.5761384700150433	0.5750042744558789	0.5742260615323668	0.5737924654914448	0.5736917731791055	0.5739121921293696	0.5744416968926974	0.5752682249101438	0.5763796117260035	0.5777637640211265	0.5794085861953967	0.5813021448121111	0.583432601154044	0.5857882930821805	0.5883577910672324	0.591129883214956	0.5940937072076471	0.5972385712167111	0.6005541316083718	0.6040303629262164	0.6076575689636866	0.611426390822508	0.6153278122046087	0.6193531622024225	0.6234941158424104	0.6277426926379388	0.6320912533987237	0.6365324955329206	0.6410594470579366	0.6456654595331512	0.650344200096145	0.6550896427795914	0.6598960592624703	0.6647580091944973	0.6696703302188811	0.6746281277996881	0.6796267649496687	0.6846618519406127	0.6897292360657408	0.69482499151177	0.699945409392199
100.0	0.6280642098093142	0.6239678363660289	0.6202859848387897	0.6170105805616513	0.6141329768701628	0.6116441664589521	0.609534692179788	0.607794692436844	0.6064139522188956	0.6053818731529977	0.604687690599708	0.6043203953305988	0.6042687565447635	0.6045214322569217	0.6050670264865476	0.6058940527476131	0.606991038789614	0.6083466317075319	0.609949495166666	0.6117884011390163	0.6138522900091482	0.616130283306097	0.6186117102134532	0.6212861308756848	0.6241433565394743	0.6271734666149638	0.6303668227787073	0.6337140802682312	0.6372061965467803	0.6408344375236222	0.6445903815333661	0.6484659212795651	0.6524532639454147	0.6565449296765238	0.6607337486270105	0.6650128567614154	0.6693756905810342	0.6738159809468405	0.6783277461440168	0.6829052843322659	0.6875431655055596	0.692236223076886	0.6969795451875155	0.7017684658330207	0.706598555884517	0.7114656140731574	0.7163656579992899	0.7212949152147557	0.7262498144244552
100.0	0.6563945154213897	0.6525200393663552	0.6490439193612796	0.6459578095024707	0.6432529298102314	0.6409201439914534	0.6389498772260588	0.6373323583327017	0.636057498339941	0.6351149456414767	0.6344941803680828	0.6341845933722667	0.634175356651621	0.6344556023142738	0.635014427284476	0.6358409293928645	0.6369242433743596	0.638253574893283	0.639818232343479	0.6416076562265495	0.6436114459681752	0.6458193840907991	0.648221457703066	0.6508078773197327	0.6535690930551197	0.6564958082748494	0.6595789908088721	0.6628098818601611	0.6661800027484949	0.6696811596500214	0.6733054464943116	0.6770452461818696	0.6808932302943774	0.6848423574543641	0.6888858704949836	0.6930172925904174	0.6972304224892032	0.7015193289841284	0.7058783447420738	0.7103020596082373	0.7147853134890682	0.7193231889070335	0.7239110033112994	0.7285443012222007	0.7332188462726436	0.7379306132078999	0.7426757798923755	0.7474507193693227	0.7522519920088413
100.0	0.6842664559613361	0.6805911958815355	0.6772994790135287	0.6743827158622032	0.6718320022651137	0.6696381822996503	0.6677917431811644	0.666282965620411	0.6651019239182258	0.6642385203392793	0.6636825200913475	0.6634235864682481	0.6634513157306731	0.6637552713300655	0.6643250171200906	0.6651501492364797	0.6662203263778397	0.6675252982592659	0.6690549320629917	0.6707992367553017	0.6727483851803179	0.6748927338831497	0.6772228406553472	0.6797294798230034	0.6824036553329165	0.6852366117067801	0.6882198429668992	0.6913450996380195	0.6946043939523141	0.6979900033854811	0.7014944726596013	0.7051106143528183	0.708831508245588	0.7126504995455715	0.7165611961126674	0.7205574648132705	0.7246334271194839	0.7287834540617635	0.7330021606395819	0.7372843997831123	0.7416252559518907	0.7460200384509968	0.7504642745331729	0.7549537023519182	0.7594842638205367	0.7640520974290103	0.7686535310604135	0.7732850748457176	0.7779434140888664
100.0	0.7116894700995282	0.708194122721443	0.705068618485282	0.7023042626538203	0.6998920945381013	0.6978229139053643	0.6960873090703074	0.6946756862995538	0.6935783001465239	0.6927852843340975	0.6922866828167377	0.6920724806630628	0.6921326344297857	0.6924571017198803	0.6930358696563519	0.693858982035052	0.6949165649576403	0.6961988507855738	0.6976962002904676	0.6993991229165851	0.7012982950990804	0.7033845766198186	0.7056490250064572	0.7080829080065817	0.7106777141886517	0.7134251617444122	0.716317205575778	0.7193460427631351	0.7225041165230585	0.7257841187616285	0.7291789913431207	0.732681926182412	0.7362863642798838	0.7399859938089115	0.7437747473616598	0.7476467984585023	0.7515965574181056	0.7556186666801663	0.7597079956645334	0.763859635248016	0.7680688919311545	0.772331281758473	0.7766425240553537	0.7809985350341637	0.7853954213161084	0.7898294734144147	0.794297159213623	0.7987951174796312	0.8033201514277348
100.0	0.7386753978799532	0.7353433027718734	0.7323683668901229	0.7297418360655153	0.7274547436253741	0.7254979354698232	0.7238620962862166	0.7225377765840546	0.721515420225635	0.7207853921398832	0.7203380059166914	0.7201635509991319	0.7202523192102094	0.7205946303812506	0.7211808568750202	0.7220014468284864	0.7230469459679434	0.7243080178849151	0.7257754626882984	0.7274402339772709	0.7292934541062156	0.731326427738008	0.7335306537038511	0.7358978352043066	0.7384198884067396	0.741088949504302	0.7438973803139955	0.746837772498968	0.7499029505070398	0.7530859733191626	0.7563801351077319	0.7597789648988567	0.7632762253378522	0.7668659106485108	0.7705422438826568	0.7742996735383219	0.7781328696394324	0.7820367193435033	0.7860063221585769	0.7900369848300668	0.794124215962101	0.7982637204296232	0.8024513936292891	0.8066833156197939	0.8109557451879901	0.8152651138815278	0.8196080200375806	0.8239812228379457	0.828381636414228
100.0	0.7652369969322769	0.7620536875441836	0.7592157777420921	0.7567144968137323	0.7545409072022792	0.7526859280817816	0.7511403596615812	0.7498949079391628	0.7489402096362004	0.7482668570592482	0.7478654226326933	0.7477264828894075	0.7478406417014122	0.7481985525770438	0.7487909398644175	0.7496086187291674	0.7506425138050878	0.7518836764315056	0.7533233004286577	0.7549527363727395	0.7567635043623133	0.7587473052826335	0.7608960305918518	0.7632017706687056	0.7656568217743774	0.7682536916876674	0.7709851040849636	0.7738440017420523	0.7768235486339597	0.7799171310205195	0.7831183575971068	0.78642105879616	0.7898192853234463	0.7933073060050163	0.7968796050276137	0.8005308786413142	0.8042560313997167	0.808050171997785	0.8119086087753311	0.815826844937048	0.8198005735463446	0.8238256723383893	0.8278981983969104	0.8320143827357712	0.8361706248167821	0.840363487041705	0.8445896892399228	0.8488461031821368	0.8531297471379002
100.0	0.7913876736154999	0.7883405273635335	0.7856278537404373	0.783240897647322	0.781170776270542	0.7794085010979044	0.7779450003484539	0.7767711415775284	0.7758777542385841	0.7752556519816575	0.7748956544940929	0.774788608700389	0.7749254091597324	0.7752970175212379	0.7758944809160834	0.7767089491925226	0.7777316909132715	0.7789541080640441	0.780367749438378	0.7819643226781877	0.783735704976468	0.7856739524519465	0.7877713082258185	0.7900202092446805	0.7924132918923642	0.7949433964536328	0.7976035704898052	0.8003870711959451	0.8032873668094586	0.8062981371430255	0.8094132733140499	0.812626876744633	0.8159332575022316	0.8193269320498906	0.8228026204747406	0.8263552432552452	0.8299799176311274	0.8336719536289716	0.8374268497997279	0.8412402887146643	0.845108132266847	0.849026416818409	0.8529913482328606	0.856999296824748	0.8610467922593358	0.865130518429452	0.8692473083328252	0.8733941389738724	0.87756812630641
100.0	0.8171410592700332	0.8142190017518703	0.811621240897714	0.8093390612964851	0.8073636534681472	0.8056861343258217	0.8042975678102054	0.8031889855013218	0.8023514070163071	0.8017758600213689	0.8014533996928876	0.8013751274863061	0.801532209082134	0.8019158914045915	0.8025175186199657	0.8033285470427023	0.8043405588983638	0.8055452749061778	0.8069345656592899	0.8085004618019503	0.8102351630075314	0.8121310457817162	0.8141806701201106	0.8163767850589386	0.8187123331702535	0.8211804540500569	0.8237744868600985	0.8264879719831785	0.8293146518558018	0.832248471039893	0.8352835756018586	0.8384143118581443	0.841635224552116	0.844941054521417	0.8483267359152407	0.851787393013119	0.8553183367027387	0.8589150606605139	0.8625732372854781	0.8662887134256697	0.8700575059379511	0.8738757971174299	0.8777399300286898	0.8816464037689093	0.8855918686903813	0.8895731216055491	0.8935871009968122	0.8976308822498379	0.9017016729277485
100.0	0.8425107377521197	0.8397040028167845	0.8372120669828527	0.8350262724760709	0.8331378964786235	0.8315381700803248	0.8302182972228705	0.829169473470947	0.8283829044528885	0.8278498238253349	0.8275615106348886	0.827509305957277	0.8276846287172415	0.8280789906047522	0.8286840100189247	0.8294914249910483	0.8304931050455376	0.8316810619827106	0.8330474595689167	0.8345846221407516	0.8362850421365791	0.8381413865796349	0.840146502544504	0.8422934216462121	0.8445753635975102	0.8469857388823221	0.8495181505998624	0.8521663955321075	0.8549244644947326	0.8577865420237698	0.8607470054586476	0.86380042347638	0.8669415541302149	0.870165342448299	0.873466917639409	0.8768415899582194	0.8802848472718401	0.8837923513735336	0.887359934081699	0.8909835931623911	0.8946594881092216	0.8983839358127641	0.9021534061476288	0.9059645175033008	0.9098140322832822	0.913698852392799	0.9176160147341514	0.9215626867268576	0.9255361618672358
100.0	0.8675100625643996	0.8648099963221064	0.8624158456238638	0.8603190236128226	0.8585109035068357	0.856982836107018	0.8557261671638714	0.8547322544599	0.85399248447933	0.8534982885454565	0.8532411583212135	0.8532126605796643	0.8534044511696474	0.8538082881084379	0.8544160437570203	0.8552197160364319	0.8562114386655134	0.8573834904072224	0.8587283033210874	0.8602384700346415	0.8619067500495486	0.863726075108074	0.8656895536559345	0.8677904744339134	0.8700223092460007	0.8723787149469301	0.8748535346978659	0.877440798541489	0.8801347233449374	0.8829297121646387	0.8858203530808008	0.8888014175529478	0.8918678583442995	0.8950148070618147	0.8982375713563416	0.9015316318253535	0.9048926386591803	0.9083164080670506	0.9117989185195065	0.915336306839345	0.9189248641709667	0.9225610318560757	0.926241397242085	0.9299626894440957	0.9337217750834143	0.9375156540198533	0.9413414550955174	0.9451964319039822	0.9490779585988331
100.0	0.892152036786133	0.8895509364283782	0.8872474249518983	0.8852329961226342	0.8834991255841759	0.8820372870033323	0.8808389679722015	0.8798956855478826	0.8791990013211008	0.878740535918876	0.8785119828530918	0.8785051216460614	0.8787118301714605	0.8791240961596934	0.8797340278385303	0.8805338636771298	0.881515981225889	0.8826729050441946	0.8839973137241524	0.8854820460227965	0.8871201061232245	0.8889046680530801	0.8908290792919882	0.892886863603291	0.8950717231329115	0.8973775398149153	0.8997983761304009	0.9023284752648252	0.9049622607081103	0.907694335345876	0.910519480086096	0.9134326520640087	0.9164289824714161	0.9195037740494774	0.9226524982851193	0.9258707923491771	0.9291544558116187	0.9324994471669488	0.9359018802013019	0.939358020229349	0.9428642802292582	0.9464172168983025	0.9500135266527688	0.9536500415926483	0.9573237254481486	0.9610316695266684	0.9647710886727943	0.9685393172565463	0.9723338051998668
100.0	0.9164492371446233	0.9139402175379543	0.9117209663671987	0.9097830649764866	0.9081180955669231	0.9067176560650363	0.9055733746710285	0.9046769239904628	0.9040200346565481	0.9035945083670179	0.9033922302654847	0.9034051806113114	0.9036254456918797	0.9040452279412036	0.9046568552416694	0.9054527893913368	0.9064256337326416	0.9075681399439476	0.9088732140041436	0.9103339213466316	0.9119434912253976	0.9136953203213266	0.9155829756178131	0.917600196585411	0.9197408967084343	0.9219991643961922	0.9243692633189784	0.9268456322096635	0.9294228841740723	0.9320958055505264	0.9348593543600756	0.9377086583866207	0.9406390129263982	0.9436458782428071	0.9467248767625007	0.9498717900468356	0.9530825555686009	0.9563532633255692	0.9596801523177274	0.9630596069130166	0.9664881531270582	0.9699624548373686	0.9734793099516446	0.9770356465499597	0.9806285190153022	0.9842551041682038	0.9879126974186058	0.9915987089461584	0.9953106599201019
100.0	0.9404137691351492	0.9379906517274702	0.9358499435035482	0.9339833182213106	0.9323824670609929	0.9310391123012445	0.9299450206226557	0.9290920159524748	0.9284719917811987	0.9280769228833201	0.9278988763893834	0.9279300221661045	0.928162642468158	0.9285891408379602	0.9292020502351845	0.9299940403907055	0.9309579243818444	0.9320866644385505	0.9333733769906736	0.9348113369780434	0.9363939814440361	0.9381149124424348	0.9399678992864207	0.941946880175459	0.9440459632330797	0.9462594269943844	0.9485817203804694	0.951007462197786	0.9535314402005632	0.9561486097542693	0.9588540921370958	0.9616431725151257	0.9645112976255199	0.9674540732023715	0.9704672611754948	0.9735467766720889	0.9766886848513949	0.9798891975962746	0.9831446700889807	0.9864515972912086	0.9898066103527434	0.9932064729655194	0.9966480776817114	1.0001284422128272	1.0036447057230362	1.0071941251309255	1.0107740714305513	1.0143820260434593	1.0180155772092856
100.0	0.964057243942052	0.9617144637078608	0.9596471545355458	0.9578470857922157	0.956306058761903	0.9550159192133657	0.9539685695570094	0.9531559805186136	0.9525702022714306	0.9522033749747473	0.9520477386764488	0.9520956425443782	0.9523395534030126	0.952772063556581	0.9533858978902421	0.9541739202466933	0.9551291390820693	0.9562447124118002	0.9575139520616599	0.9589303272440484	0.960487467482744	0.9621791649151734	0.9639993759994969	0.9659422226610029	0.9680019929092957	0.9701731409611815	0.9724502869052343	0.9748282159420556	0.977301877235428	0.9798663824089143	0.9825170037211408	0.9852491719536293	0.9880584740393966	0.9909406504669909	0.9938915924834552	0.9969073391275561	0.9999840741155456	1.0031181226050503	1.0063059478588257	1.0095441478280112	1.0128294516751728	1.016158716254037	1.0195289225609019	1.0229371721738016	1.0263806836910907	1.0298567891820727	1.0333629306596526	1.0368966565848328	1.0404556184110512
100.0	0.9873907705874609	0.9851232976545963	0.9831247430749823	0.9813869737517874	0.9799019012166126	0.9786614931695122	0.9776577845811336	0.9768828882987943	0.9763290051051484	0.9759884331926855	0.9758535770160608	0.9759169555006049	0.9761712095867131	0.9766091091007842	0.9772235589482167	0.9780076046301485	0.9789544370925233	0.9800573969188563	0.9813099778850297	0.9827058298959791	0.9842387613291621	0.9859027408099417	0.9876918984502078	0.9896005265776575	0.991623079989374	0.993754175760675	0.9959885926428258	0.9983212700802954	1.0007473068812218	1.0032619595721506	1.0058606404664974	1.0085389154787374	1.0112925017099228	1.0141172648339936	1.0170092163097626	1.0199645104426023	1.0229794413194897	1.0260504396382482	1.0291740694515168	1.0323470248432876	1.0355661265551965	1.038828318578819	1.0421306647275255	1.0454703452008651	1.048844653153884	1.052250991281266	1.055686868426161	1.059149896221662	1.0626377857730365
100.0	1.0104249586139231	1.0082282319080704	1.0062942243531172	1.0046149013338732	1.0031822840336782	1.0019884600236864	1.0010255933953398	1.000285934390949	0.999761828490166	0.9994457249219693	0.9993301845749629	0.9994078872900528	0.9996716385201798	1.0001143753557482	1.0007291719125304	1.0015092440893854	1.0024479537057747	1.0035388120330158	1.0047754827375972	1.0061517842588614	1.007661691642473	1.0092993378586699	1.0110590146302085	1.012935172801003	1.0149224222735693	1.017015531545762	1.0192094268776024	1.0214991911173243	1.023880062216648	1.0263474314634995	1.028896841461742	1.0315239838827182	1.0342246970165805	1.0369949631469253	1.0398309057723372	1.0427287866974173	1.0456850030133524	1.0486960839878814	1.0517586878825989	1.0548695987142676	1.0580257229750583	1.0612240863269293	1.064461830281534	1.0677362088787097	1.0710445853732324	1.0743844289399023	1.077753311404729	1.0811489040108728	1.0845689742248328
100.0	1.033169927942718	1.0310397987267341	1.0291665144019477	1.0275421390207657	1.0261588022696364	1.025008709176694	1.0240841493546784	1.023377505739063	1.0228812627915154	1.022588014141018	1.0224904696467243	1.0225814618670612	1.0228539519308182	1.0233010348069482	1.0239159439775654	1.0246920555232386	1.0256228916301684	1.0267021235383105	1.0279235739462655	1.0292812188963711	1.030769189162519	1.0323817711662127	1.0341134074471008	1.035958696715957	1.037912393516639	1.0399694075273522	1.0421248025271126	1.0443737950562466	1.0467117527985992	1.049134192710556	1.0516367789247263	1.0542153204507134	1.0568657686986738	1.0595842148467862	1.0623668870746796	1.0652101476829132	1.0681104901168241	1.0710645359128257	1.074069031583702	1.0771208454569117	1.0802169644812547	1.0833544910137494	1.0865306395983776	1.0897427337476449	1.092988202736305	1.0962645784158136	1.0995694920572632	1.1029006712292528	1.1062559367175178
100.0	1.055635323492925	1.0535680071001374	1.0517519606528833	1.0501793464735325	1.0488424011917432	1.0477334446383866	1.0468448882684311	1.0461692430846965	1.045699127036047	1.045427271870907	1.0453465294334612	1.0454498773936165	1.0457304244088017	1.0461814147200144	1.0467962321868582	1.04756840377348	1.0484916024983373	1.0495596498638813	1.0507665177867749	1.0521063300479148	1.0535733632879778	1.0551620475701975	1.0568669665368455	1.0586828571861324	1.060604609294158	1.0626272645098838	1.064746015148301	1.0669562027077555	1.0692533161371895	1.0716329898771797	1.0740910016989063	1.076623270363537	1.079225853123785	1.0818949430887528	1.084626866469948	1.0874180797295163	1.0902651666447376	1.0931648353079186	1.0961139150732016	1.0991093534677212	1.1021482130761282	1.1052276684127775	1.108345002790783	1.111497605197696	1.1146829671868328	1.1178986797913573	1.1211424304690352	1.1244120000826323	1.1277052599221837
