1.745434010965273	1.7212082243144051	1.704803358685454	1.6922687008450985	1.6816464323240614	1.6720692548097045	1.6631542202086895	1.654719199290114	1.6466660744785406	1.638934077328496	1.6314807559080695	1.6242737708245332	1.6172870583970735	1.6104988492045211	1.6038905329467807	1.5974459437007504	1.5911508740001639	1.5849927248813318	1.578960243104637	1.573043317799894	1.567232819560801	1.561520470943293	1.5558987408016833	1.5503607570674078	1.544900233998962	1.5395114109039785	1.5341890000341565	1.528928141859937	1.5237243663154993	1.5185735588933118	1.5134719306994473	1.508415991745674	1.5034025269033846	1.4984285740420535	1.4934914039693257	1.4885885018465228	1.4837175498109052	1.4788764105700654	1.4740631117606824	1.4692758308717633	1.4645128805436656	1.4597726940338887	1.455053810615772	1.4503548606348693	1.4456745498642896	1.4410116427058437	1.436364943605425	1.4317332758327233	1.4271154555210601	1.4225102629956268
1.745434010965273	1.668995244461346	1.6030926782569945	1.543687587163029	1.4885463150285703	1.4364151212422516	1.3865561827071493	1.338504892008041	1.2919489598930791	1.2466678021485624	1.2025008433281537	1.159330004061288	1.1170695104662152	1.0756597354489397	1.0350634224416335	0.9952634263962079	0.9562615012423867	0.9180778714605099	0.8807514391907642	0.8443405392649513	0.8089243222039546	0.7746042442130392	0.7415060562941638	0.709780815785889	0.6796100146271268	0.6512050806313289	0.6248083306904947	0.6006918177116711	0.5791531916411177	0.5605075896716717	0.545074640981249	0.5331604417311435	0.5250355051839152	0.5209117957517114	0.520921688800581	0.525104614332132	0.5334038217543997	0.5456741543284843	0.5616987727526066	0.5812108828269772	0.6039161783998752	0.6295126052411709	0.6577054110053862	0.6882176853577706	0.720796270410672	0.7552141685358328	0.7912706947015766	0.8287907588583211	0.8676221957206878	0.9076334519060008
1.745434010965273	1.6551016631046793	1.5718289504071021	1.4936221412649777	1.4196441532865367	1.3491897704398137	1.2816688398116791	1.2166215794346769	1.1536988860319575	1.0926380144535692	1.033244214979467	0.9753788981103614	0.9189529178588132	0.8639237994535014	0.8102962896992776	0.7581260825807631	0.7075269392621034	0.65868192992572	0.6118597412159681	0.5674318900294113	0.5258961422591488	0.4879117447388477	0.4543105347815983	0.42609197470414795	0.4043671327996874	0.39022565482049093	0.38452841713586444	0.38768731992286154	0.39954519512776243	0.4194276863706085	0.44633334844615824	0.47915451187637265	0.5168418154118527	0.5584883767519218	0.6033522514998523	0.6508456818195956	0.7005094719477235	0.7519883564221596	0.8050063289393801	0.8593491002066392	0.9148497814616275	0.9713778823544468	1.028829963184132	1.0871236295252036	1.1461928817155076	1.2059843937214008	1.2664547618547908	1.3275683347999616	1.3892955388814896	1.4516112673504071
1.745434010965273	1.6481063562029568	1.5544495531918987	1.46406080744051	1.3775772438581975	1.2949425226627989	1.2157548904176547	1.1395732653579655	1.066016605079425	0.9947812614177959	0.9256376031289507	0.8584250413740369	0.7930506722391967	0.7294933035472375	0.6678144039043369	0.6081783861414756	0.5508860987932459	0.49643207463751804	0.44556639811862986	0.39941222131612963	0.3595899367467437	0.3282532940298637	0.3078923498355375	0.30068571645176023	0.3075462934620142	0.32761683004644887	0.3587407259147835	0.39840917247363894	0.44442613816943455	0.49511867224408324	0.5492924704639499	0.6061158123596893	0.665011736997557	0.7255781561163742	0.7875319940022267	0.8506685175234459	0.9148388343652855	0.9799366957703655	1.0458825118003903	1.1126180731590831	1.1800989023716753	1.2482915220164112	1.3171700014856649	1.3867141789757738	1.4569075783330152	1.5277378627253202	1.5991938756488138	1.6712656200466751	1.7439436853723609	1.817218544223903
1.745434010965273	1.6438193029309676	1.5430328977888417	1.4437939343763382	1.3481027722677754	1.2565488263780296	1.1689082980688386	1.0847447701050528	1.0036338337398534	0.9252218202911081	0.8492356832564203	0.7754836945077355	0.7038594042291044	0.6343543533925976	0.5670850884278258	0.5023435967560335	0.44068901238597413	0.3831082629091969	0.33123927492071986	0.28778655071285847	0.25671973452427976	0.24259103376249616	0.2481610240007275	0.272162267131235	0.31035289456177184	0.3582731716691722	0.4126255551804265	0.471287031601163	0.5329454783996417	0.5967887586166701	0.6623055542264237	0.7291672477660128	0.7971595841199937	0.8661429411659216	0.9360135006955169	1.0067073472520163	1.0781807827249612	1.1504048587507882	1.223360788229819	1.2970356407911265	1.3714214461596828	1.446511725576713	1.522303834031249	1.5987949219205118	1.6759819950396881	1.753861096367607	1.8324270769487496	1.9116728045582416	1.9915887811497712	2.072162475779322
1.745434010965273	1.6409043489435895	1.5348517623539037	1.4287848618186128	1.3259345032099017	1.2275084859412364	1.1334400075122937	1.0432794303011717	0.9565470289668976	0.8728310721175714	0.7918081158353686	0.7132471694272218	0.6370176534538814	0.563110940618426	0.49168729769394726	0.42317080954926034	0.358448265808984	0.29921756480022527	0.24870560296981636	0.21259395132748005	0.1984020297493179	0.21030176880688503	0.24436016092757384	0.2929045122646344	0.3499841005095671	0.41213774642804407	0.47748618968823286	0.544997555734835	0.6140864786737009	0.6844102339418041	0.7557632121924015	0.8280208521511669	0.9011146451226268	0.974989778974962	1.049621444233186	1.1249987300836977	1.2011178634782815	1.2779813450351032	1.3555935444325267	1.4339594180057145	1.513085087586026	1.592977010994123	1.6736392890431142	1.7550742349969821	1.837281533625138	1.9202575444987056	2.0039951850007216	2.088482766945329	2.1737038294153463	2.2596365269988947
1.745434010965273	1.6387879830927958	1.52865961497093	1.417118674684441	1.3085026831972157	1.2046041719322886	1.1054912947194244	1.010684991918797	0.9196410376175964	0.8318847369553858	0.747038480382047	0.6648268701168301	0.5850866454008555	0.5077956311550168	0.43314079030838654	0.36167003988531127	0.2946527884653192	0.23482092455583706	0.1881073036701049	0.1651340545432861	0.17489989853958285	0.21263222086483569	0.2665810475977015	0.3288373988308755	0.3955424851527122	0.4648722689739181	0.535923588923587	0.608225679059818	0.6815244971622962	0.7556812401473081	0.8306220248567383	0.9063157273381884	0.9827444270828234	1.0599038091707227	1.1378031550933252	1.2164548961660873	1.295877374149988	1.3760870091311341	1.4570991155065547	1.5389286380933778	1.6215895235124194	1.70509194488936	1.78944292400558	1.8746453735970672	1.9606979194371708	2.0475935897749067	2.135320127739555	2.223858564627847	2.3131825480212864	2.403258104502783
1.745434010965273	1.6371797795934486	1.523791233452182	1.4077408188379623	1.2943633894878708	1.1860017948300752	1.0828387087502678	0.9843523705483683	0.8899279505688148	0.7990258346233404	0.7112133865487011	0.6261686490442656	0.5436900048160539	0.46373004560645786	0.38648309812275333	0.31260257853408147	0.24378486764738402	0.1842430147239777	0.14444022484757466	0.1410110735002979	0.17548859503106334	0.23122382218107576	0.2963504801655159	0.36588366915620546	0.4377893117996893	0.511168945290063	0.5855972388177738	0.6608662860502461	0.7368766005703834	0.8135861918621152	0.890987466680942	0.9690897245980158	1.047906742385537	1.1274584007430035	1.2077727961336122	1.2888782629864672	1.3708032599486517	1.4535726465947416	1.5372083551529676	1.6217321611019209	1.707160632913318	1.7935059348464655	1.8807755029719624	1.9689712346961985	2.05808885166981	2.1481170822287683	2.2390366429248414	2.3308202729516005	2.423431232702928	2.5168226474412365
1.745434010965273	1.635915903853998	1.5198542610718844	1.4000121908912855	1.2826267353813328	1.170557843321524	1.0640845846474754	0.9626321362679131	0.8655115823276375	0.7721186758241766	0.6819670508043132	0.5946884684329549	0.5100401680891119	0.4279407186138374	0.3485730835144871	0.2726694041925919	0.2023917616112127	0.14407873642254695	0.11542325526346263	0.13543687815377214	0.18868976471051252	0.2548956364356551	0.3261741656773439	0.3998339659396373	0.4748424121274563	0.550763090516916	0.6274057443907355	0.7046934226135384	0.7826055807621481	0.8611513179349986	0.9403601927691773	1.020261017218866	1.1008882811523328	1.182277773815226	1.264466111733064	1.3474939674053066	1.4313957065108132	1.5162005710920468	1.601937581244589	1.688630449531971	1.7762977977340708	1.8649526389181572	1.9546016593571622	2.045244757665244	2.1368743054078636	2.2294737517905263	2.3230175230339687	2.4174696526579686	2.51278308196857	2.608898735302061
1.745434010965273	1.6348965506589552	1.5166003251793179	1.3935184814676929	1.272707605204504	1.15751343374382	1.048295668603938	0.9444186156441142	0.8451178167338738	0.7497262199098136	0.6577064550566966	0.5686460493585785	0.48226084790247714	0.3984300366800424	0.3173094999607878	0.2396811211445619	0.16820436504670674	0.11231375686547451	0.0999350588376654	0.14174805991173298	0.20667049435779508	0.27878103927153236	0.35364147917922406	0.42984393393567516	0.5068697859297859	0.5845189877503648	0.6627239665506071	0.7414783776895038	0.820805449111397	0.9007459153205347	0.9813451695949361	1.0626500647989683	1.1447060257149866	1.227558573117277	1.311253065263736	1.3958358327313451	1.4813460533800022	1.567816773390342	1.6552812178456928	1.7437648917203457	1.8332871053969653	1.923861264761559	2.015492926782669	2.1081799398714596	2.2019109116225386	2.2966642499880052	2.392408078659353	2.489098464902608	2.5866789427141845	2.685079781257805
1.745434010965273	1.6340572987477358	1.5138636487043071	1.387977263767996	1.2642022911820017	1.1463410721299288	1.034820355125627	0.9289378846664026	0.8278536933458014	0.7308407265169209	0.6373141805453288	0.5468205723860032	0.45903614617934874	0.3737988339542777	0.29122654450920776	0.21212460263401334	0.13968208723069925	0.08794436090601036	0.09608655116405648	0.15389674741198697	0.22554715504957407	0.3011165476526064	0.37821119339293224	0.4560971303432516	0.534525478705847	0.6134233876206161	0.6927914445489086	0.7726637049043148	0.8530895837085524	0.9341293802074492	1.0158390261156631	1.0982758052643096	1.1814933852638096	1.265544053586437	1.3504798310623964	1.4363511136667237	1.5231995590006606	1.6110633737265099	1.699976832547402	1.7899671864217572	1.8810546671639292	1.97325221321906	2.0665640507109817	2.1609859425372147	2.256503111227984	2.353089441737791	2.4507070224166587	2.549304844783407	2.6488181862397013	2.7491682854583894
1.745434010965273	1.6333546389637723	1.5115289163955319	1.3831883366073308	1.2568216367623424	1.1366607086811635	1.0231876964709261	0.9156298053205749	0.8130726459971322	0.7147325178405074	0.619981171694876	0.5283280363590259	0.4394130796611885	0.3530343336662114	0.2692668219346135	0.18892058039729856	0.11577064376522207	0.07078826951972747	0.10037556655873688	0.16814236552249653	0.24369171759571204	0.3214024412417192	0.3999790401911003	0.47904573883136836	0.5585006651742808	0.6383427261897403	0.7186123542877474	0.7993679963023816	0.8806765624226134	0.9626080558170048	1.0452286585983364	1.1286010838181308	1.2127853527276429	1.297838590139472	1.3838182062873112	1.4707775722226826	1.558759980411876	1.6478076350938629	1.7379562620760816	1.8292339015651862	1.9216610756273769	2.0152505900940736	2.1100056368628257	2.205919605033108	2.3029746820771004	2.401140808398487	2.500374602937194	2.6006188385879057	2.7018019116997	2.803837438336614
1.745434010965273	1.6327580926946337	1.509513204485387	1.3790052623541977	1.2503522312845352	1.1281905434014896	1.013047768316276	0.9040779573367299	0.8002941071099423	0.7008594863708899	0.6051065101993122	0.5125117786207312	0.42268336514786237	0.33538351979386394	0.25064605687832775	0.16927893080377904	0.09576246702479342	0.06110644749368269	0.10909592643319375	0.18262070021840612	0.26051416527728316	0.3396223233789861	0.41923347876127315	0.49916691685758124	0.5794040340502352	0.6599858625674612	0.7409768396954894	0.8224507713283381	0.904486621272774	0.9871587109664764	1.070542792898084	1.1547039469972373	1.2397083108821227	1.3256150418246477	1.4124870334467248	1.5003789252133823	1.5893360119669897	1.6794038480625693	1.7706184781318388	1.8630092592445435	1.9565968741166924	2.051393677328769	2.147401955466472	2.2446128360371036	2.3430058243782073	2.4425473685370322	2.543189758579062	2.644870539911067	2.7475121261486772	2.8510218490107984
1.745434010965273	1.6322456563606345	1.507755227925498	1.3753181304602926	1.2446326410519508	1.12071663580592	1.004134587628064	0.8939658539219946	0.7891530954000017	0.6888102242610846	0.5922343571763948	0.4988736023963931	0.4083091716592205	0.32027385561525895	0.23476911597933028	0.15261166822626202	0.07922154380863143	0.05861359905977153	0.11967731136460438	0.19650604578981198	0.2758698991885896	0.35593254617703374	0.4362962774805711	0.5168897884785469	0.597742476769825	0.6789204350791499	0.7605032353800988	0.8425745705680397	0.9252210925009318	1.0085219802675667	1.0925559108681269	1.177393306048406	1.2631039662184793	1.3497480186738295	1.437392453198961	1.5260940658552367	1.6158990259218988	1.7068552642844066	1.799000163695934	1.8923633672607354	1.9869660352153475	2.082819523076631	2.179925537511005	2.278273791889185	2.37784128978888	2.478591094401271	2.580471839193649	2.6834167625307286	2.7873435740274246	2.8921549852905506
1.745434010965273	1.6318010377235497	1.5062086416839882	1.3720426436853477	1.2395382036719653	1.1140733166127972	0.9962420770687306	0.8850484486774313	0.7793673216484883	0.678266854214226	0.5810127093152913	0.48702873983708755	0.3958746479615813	0.3072617098251233	0.22117222788565508	0.1384709756824011	0.06594506782657239	0.06165578840783122	0.1307111879889716	0.20947575030576687	0.2897985979200164	0.3705381140711209	0.45146841917081754	0.5325795338618445	0.6139293114837363	0.6955990070835832	0.7776775929298378	0.8602552159152741	0.9434241093741581	1.0272659498083039	1.1118620423808356	1.1972869586481063	1.283613154407457	1.3709011900098487	1.4592224570918126	1.5486337262199255	1.6391836924491785	1.7309213980352764	1.8238852389215543	1.9181049632455422	2.0136021613755664	2.1103883264514165	2.208463753254972	2.3078167571764467	2.4084224431961214	2.510241438331019	2.613219134392213	2.717285194395309	2.8223535837739133	2.928323413783521
1.745434010965273	1.6314119103334455	1.5048377059524312	1.369112948357136	1.2349709451412825	1.108130112520749	0.9892079454843622	0.8771329660510979	0.7707150141697859	0.6689799446033513	0.5711655501907731	0.47667544859921196	0.3850532474681175	0.2959977207657391	0.20949086834144012	0.12650962681983835	0.05592709634037843	0.06794826857731857	0.14151193847810853	0.22144116358563354	0.30240979544155094	0.383644701480173	0.46501333007870577	0.5465405612020643	0.6283004845164882	0.7103835563832374	0.7928846145863359	0.8758985161169028	0.9595196536814157	1.043832825589514	1.1289219764389242	1.2148629027056888	1.301730626225056	1.3895878275460585	1.4785070454340126	1.5685463085297358	1.659756195787449	1.7521865756781057	1.8458762807302398	1.9408563586447323	2.0371479543948645	2.134762304262457	2.233699218774305	2.333945813298694	2.4354754051754264	2.5382464541926497	2.642201598883145	2.747267923169276	2.8533565192005432	2.960363906944851
1.745434010965273	1.6310687728750082	1.503614389581725	1.366476775665681	1.2308526888246123	1.1027827582976906	0.9829025639511342	0.8700656401983085	0.7630195574506816	0.6607511192115684	0.5624735377955108	0.46757393025817734	0.3755850969630454	0.2862028947949037	0.19943188729053019	0.11645227027273554	0.049264652729975364	0.07571924005815256	0.15177365888680436	0.2324184990771157	0.3138336545366288	0.395440322937512	0.47715612629274357	0.5590247725432634	0.6411293915429321	0.723565626887038	0.8064318813174555	0.889827088631293	0.9738439756179392	1.058572964659059	1.1440981917563924	1.2304971303406342	1.3178459639765425	1.4062096085524884	1.4956615064653163	1.586260761709739	1.6780591409134662	1.7711073810504072	1.8654454414393615	1.9611042113639723	2.0581053470289725	2.156459812103993	2.2561667303772426	2.3572119652074055	2.459567770871879	2.563190891725925	2.668022133646582	2.773986204837903	2.880992068271499	2.9889343883930937
1.745434010965273	1.630764181678321	1.502516380705142	1.364092060588665	1.2271202229971936	1.0979468619541377	0.9772211002327829	0.8637223212313366	0.7561386008797226	0.6534207224465938	0.5547603036614277	0.4595313741430857	0.3672609522667552	0.2776517174331005	0.19075693168495178	0.10807432224685326	0.04594741719422542	0.08394424045518697	0.1613797244089385	0.24246923650442895	0.32419894981539354	0.40609069649914764	0.48808717830615655	0.5702409318927172	0.6526396049882683	0.7353816848512453	0.8185675806961373	0.9022983415056911	0.9866665915989962	1.0717654860751344	1.1576800006018515	1.2444882561659938	1.332268437300917	1.4210856956403042	1.5110155584373437	1.6021170795761663	1.694443564176426	1.7880465518165294	1.8829664906996404	1.9792347575357376	2.076872907235696	2.1758915376068018	2.276289673699837	2.3780526668712674	2.481151351147134	2.5855412189204032	2.691161428611373	2.7979349154997926	2.9057691497684526	3.014557768102713
1.745434010965273	1.6304922210697594	1.501525687452049	1.3619245343075141	1.2237218355109296	1.093553342146098	0.9720778391192794	0.8580016833772138	0.7499561803667073	0.6468588955421452	0.5478825396782027	0.45239113415493404	0.3599105903076935	0.2701599677220472	0.18326822013106508	0.10118561379371632	0.04561982704850722	0.09210365520574074	0.17030555857725083	0.2516705311596395	0.33362498478569375	0.4157396084089222	0.4979665605106756	0.5803618882848498	0.6630147957289181	0.7460248621768302	0.8294934484546334	0.913522708186933	0.9982053825450683	1.0836361485668777	1.169900728193175	1.2570776358974396	1.3452461552821717	1.4344729384756991	1.5248338969464015	1.6163885856577098	1.709191626154229	1.8032950994287724	1.898740118017405	1.9955577048719864	2.0937700880075365	2.1933880406343396	2.2944099159657383	2.3968204742602373	2.5005899117861707	2.60567219505502	2.7120054166413157	2.819511445253964	2.9280967731668026	3.037654518158849
1.745434010965273	1.6302481296113072	1.5006276330220165	1.3599459750882097	1.2206147800171052	1.089545079428175	0.9674020053110685	0.8528202258567381	0.7443769186889913	0.6409590078225921	0.5417227007844397	0.4460247591737683	0.35339425960469834	0.26357576049545983	0.17680190551867753	0.0956206863930747	0.047575859952646106	0.09995300296961679	0.17857103629740087	0.26010226314052676	0.34221894776251555	0.4245100537889389	0.5069292374725096	0.5895320042429909	0.6724072192216116	0.755654443140825	0.8393752985617989	0.9236725565966288	1.008638345943676	1.0943686763160216	1.1809500217661417	1.2684612411678096	1.3569819159700738	1.446580066085875	1.5373316669285497	1.6292974188513674	1.7225324891671738	1.8170895768255828	1.9130096829162464	2.010325057409926	2.1090576969257286	2.209218275586269	2.3108047442629465	2.413801763854391	2.5181785303828987	2.6238884501366355	2.7308687220349395	2.8390403811522016	2.9483093820714585	3.058568782121365
1.745434010965273	1.6300280311480135	1.499810120525333	1.3581329147452368	1.2177633911179524	1.0858744170555088	0.9631346412067354	0.8481085346860697	0.7393216893349257	0.6356327467999929	0.5361835505783038	0.4403260336414027	0.347596282759146	0.2577728498685534	0.17121924727351162	0.09122861948378995	0.051019372169435466	0.10738709681437286	0.18621521633087337	0.26784092000534937	0.3500747951541464	0.43250773116533553	0.515089271863634	0.5978721674808414	0.6809437393050568	0.764402734672155	0.8483504085973463	0.932889595692173	1.0181122186554883	1.1041152108833454	1.190984697165144	1.2788000391470378	1.3676419214618565	1.4575779634522565	1.548685774425474	1.6410258861483953	1.734654087917243	1.8296234825272526	1.9259760668956247	2.023743982595386	2.122949203664384	2.223602524382124	2.325702167859275	2.4292320684314133	2.534160934522217	2.6404416827024404	2.748010931540212	2.856789253039293	2.9666824403112453	3.0775838328709675
1.745434010965273	1.6298287378299192	1.4990630863274343	1.356465666883127	1.2151376607505882	1.0825012680633566	0.9592262394060759	0.843808447862517	0.7347243295175413	0.6308063977488182	0.5311840285651597	0.4352064597891461	0.3424202012264783	0.25264554654002375	0.16640236616587822	0.08786844072501676	0.055300602049207545	0.11437132238368654	0.193284826651618	0.2749566930527549	0.35727499826518216	0.4398230944823773	0.5225433187483012	0.6054842056538818	0.6887307074391632	0.7723802544598286	0.8565333630223452	0.9412924422556803	1.026749468147396	1.113001263236446	1.2001345211486507	1.288228100834805	1.377363740269986	1.4676091226167314	1.559042598582366	1.651724906364583	1.7457118686638067	1.8410581171173368	1.9378052371014074	2.0359855791491133	2.135621670046475	2.236724304334404	2.3392916400258303	2.4433070855454893	2.5487392081714546	2.6555405737846227	2.763647452163838	2.872980260044718	2.9834448976825123	3.0949352771504572
1.745434010965273	1.62964760358062	1.4983780874795956	1.3549275863768866	1.212712148001259	1.0793916622802213	0.9556349241000006	0.8398708782174169	0.7305291172432811	0.6264179895877041	0.5266560800926853	0.4305917902046236	0.3377850434780922	0.24810480637379687	0.16225058245197205	0.0854067675812862	0.059978655426266334	0.12090645355124537	0.1998280174484428	0.2815128259523966	0.36389131612119924	0.4465338561497788	0.5293737542694533	0.6124544339869044	0.695857967556602	0.7796801069884266	0.8640203960435568	0.9489800325694879	1.034651966478056	1.1211322473600522	1.2085075990690537	1.2968572629719555	1.3862625114341915	1.476792060990506	1.5685245541832138	1.6615202582052664	1.7558364150652477	1.851527677672996	1.9486356911786324	2.04719346924762	2.147223501855558	2.2487369410831346	2.351731442569598	2.4561905199502005	2.5620825730986994	2.6693599552624967	2.7779587864448407	2.887799628678447	2.9987888152036652	3.1108210808879972
1.745434010965273	1.6294824135045018	1.4977479862322596	1.3535044979260278	1.2104651339827055	1.0765166177028012	0.9523250377875706	0.8362541222569585	0.7266888130240386	0.6224150809023734	0.5225421976681129	0.42641933681275185	0.3336224237677679	0.24407518251487687	0.1586778907047612	0.08371750060379099	0.06478235122747833	0.12700982727842008	0.20589111593547155	0.287565822697994	0.3699863187147397	0.4527071193436309	0.5356512309229149	0.6188564880349153	0.7024018247045783	0.786381211599917	0.8708935466702024	0.9560372038484142	1.041906529427647	1.1285974160519117	1.216195926691165	1.3047815929280744	1.394435499916618	1.4852268646292677	1.577234127044162	1.670518610117934	1.7651372641964904	1.861145236854409	1.9585845965870676	2.0574884872100823	2.157879660063899	2.2597693452938747	2.3631548651342587	2.4680200627787428	2.5743332816402393	2.6820468498165515	2.791096976880879	2.9014047107246705	3.0128764534241665	3.1254079001250035
1.745434010965273	1.6293312993788809	1.497166705826361	1.3521842498513692	1.2083779592091672	1.073851254133314	0.9492660312165543	0.8329225327048091	0.7231631241068401	0.6187530248945344	0.5187934945483134	0.42263586107916185	0.32987426311736406	0.24049242323322545	0.1556094214337645	0.08268250341546816	0.06955285505318712	0.13270680113371544	0.2115171626581692	0.29316580182401053	0.3756146957130348	0.4584005499617613	0.5414360964201809	0.6247532793367568	0.7084275242192952	0.7925508547177745	0.8772215897462923	0.9625346617320202	1.0485866496756586	1.1354722587192307	1.2232772088075876	1.3120809089210468	1.4019649506922676	1.49299812803493	1.5852591263977864	1.6788099624881356	1.7737073288941287	1.8700069691360113	1.9677511183966079	2.066973087452247	2.1676958445352335	2.2699306557147114	2.373675274792718	2.4789133613604086	2.5856133079159416	2.6937275855101914	2.803192909372547	2.913929972571919	3.0258462555349834	3.1388385709657
1.745434010965273	1.6291926742893448	1.4966290394338415	1.350956362122372	1.206434498863955	1.0713740902928321	0.9464315831332573	0.8298454667136963	0.719917488840809	0.6153935970689195	0.5153681814516416	0.41919590466101164	0.326490982307432	0.2373015592214785	0.15298064291706395	0.08219378907500258	0.07420086118437715	0.13802563649491675	0.21674571102071	0.2983573041244486	0.3808238507376787	0.4636642347919142	0.5467806117272176	0.6301989224657125	0.7139910552469954	0.7982467334804505	0.8830634889117994	0.9685336959525619	1.054754810042679	1.1418209760935956	1.2298178309420973	1.3188237856166374	1.4089212176753423	1.5001780439724648	1.5926741660442865	1.6864711366781764	1.7816260851538752	1.8781948461786002	1.976219723248748	2.075734398526323	2.176762681170325	2.2793152110332007	2.383390084820596	2.4889710735951147	2.596026684149817	2.7045100402462237	2.8143573196594875	2.925490123733354	3.0378167648138468	3.1512352458917454
1.745434010965273	1.62906518154683	1.4961304990976616	1.3498117459025005	1.204620743235665	1.069066481211997	0.9437988959462794	0.8269964450858593	0.7169221059862131	0.6123039003741984	0.5122303516362705	0.4160604571976447	0.32343005669742153	0.23445536629239935	0.1507353200055159	0.08215398413815823	0.07867865635712387	0.14299495598034836	0.22161259636168612	0.30317947830918496	0.385655450794793	0.4685418001929842	0.551730096849124	0.6352402709098421	0.7191406494771837	0.8035185839712956	0.8884704052457357	0.974086948525325	1.060465094328957	1.1476993197694796	1.2358745743426116	1.3250688105507287	1.4153645020260062	1.5068291009033241	1.5995431223396648	1.6935683643707646	1.7889617236150936	1.8857789691093982	1.9840631501060062	2.083848445262116	2.1851583072307834	2.2880036824725116	2.3923828179157165	2.498279670088834	2.6056633494418877	2.7144864866705767	2.8246860220162366	2.9361841755212628	3.0488901940875746	3.1627033483199005
1.745434010965273	1.6289476543366987	1.4956671952512304	1.348742478191655	1.2029244594541777	1.0669121642360169	0.941348127609785	0.8243524748325536	0.7141511535077562	0.6094554848552498	0.5093490043544945	0.41319588490549897	0.3206548514322515	0.23191311945477847	0.14882474171613222	0.0824775423040166	0.0829630574134067	0.14764200850658768	0.22615021717823677	0.30766700063684815	0.39014607720082056	0.47307135231619557	0.5563239873885224	0.6399180376470716	0.7239182136760199	0.808409570408009	0.8934867871808677	0.9792395702094331	1.0657644045311403	1.1531553374193668	1.2414968058016946	1.3308667240325678	1.421346804569665	1.513004957584832	1.605921494719778	1.700158721187811	1.7957728521197371	1.8928203494269333	1.9913446474534429	2.0913801637829805	2.1929501189662353	2.2960658420349715	2.40072574553955	2.506914224252123	2.614600424814775	2.723737172079356	2.8342620369871883	2.946097973664624	3.059155221162897	3.1733343446266433
1.745434010965273	1.628839083595213	1.4952357397513865	1.3477416191805343	1.2013349165240812	1.0648968897571425	0.9390619298435531	0.8218934991892937	0.7115821551338817	0.6068236344968347	0.5066972541122802	0.41057306262583754	0.31813367579470586	0.2296395753760421	0.1472064920406458	0.08309083496074726	0.08704530599928134	0.15199255484848365	0.23038761395785598	0.31185067280221057	0.3943278900289617	0.4772862406004883	0.5605968065135569	0.6442677275741782	0.7283602617683425	0.812957142775216	0.898151526855342	0.9840311938917636	1.0706932632615986	1.158230675449129	1.2467274881185053	1.336261526203008	1.4269136916764382	1.5187521423455206	1.611857353320766	1.7062916207780472	1.802110788395638	1.899372071139234	1.998118909273502	2.0983861293215886	2.200196718969377	2.303562382052992	2.4084817466861415	2.5149398235114675	2.622905400266341	2.732331976513579	2.8431577059776187	2.955306346942835	3.06868914410221	3.1832080081015968
1.745434010965273	1.6287385921957929	1.4948331672900121	1.3468030631863808	1.1998426602663297	1.0630081188061644	0.9369250702336681	0.8196019480939509	0.7091954632688847	0.6043867856442154	0.5042516861065748	0.40816666602321533	0.3158390104547383	0.2276041357177835	0.145843298469224	0.08393135015615512	0.09092535061087664	0.15607044310571844	0.234350708667802	0.3157578032361032	0.3982292554765392	0.48121580421856014	0.5645787483074424	0.6483204465064127	0.7324987439266648	0.8171940605724695	0.9024978077146293	0.9884965643997602	1.0752869750020813	1.1629616813280097	1.2516039313571217	1.3412913046655637	1.432104669831981	1.5241114638645845	1.617392633222885	1.7120103255972647	1.8080203915445254	1.9054803146373498	2.004433839916746	2.1049157510909495	2.2069491202546785	2.3105460408062823	2.415705664279489	2.5224128954008047	2.6306368909165254	2.740331688545157	2.8514361167122515	2.9638747161003445	3.077559682884642	3.1923946440989694
1.745434010965273	1.6286454140536732	1.494456871155328	1.3459214160481419	1.1984393277347498	1.0612347736436165	0.9349241208488152	0.8174623683002041	0.7069738340889443	0.6021260495967444	0.5019918274026164	0.40595459072119144	0.31374687203972546	0.2257801548452048	0.1447030897454404	0.08494689884094815	0.09460820152460732	0.159897544522784	0.2380628635499951	0.3194126640554903	0.40187530113280556	0.4848859465071022	0.5682964546433811	0.6521036058424277	0.7363617398006045	0.8211491091534029	0.9065550935859051	0.9926658296407544	1.0795764286463856	1.1673799492203873	1.256158905735375	1.3459899393240549	1.4369542461570088	1.5291185853977542	1.622563728861208	1.7173529466013564	1.8135408456833684	1.9111855874830173	2.010331124439729	2.1110121591438835	2.2132522784430924	2.3170636304687733	2.4224459813021677	2.5293838795120935	2.6378471477071854	2.7477903492871008	2.859152974031906	2.9718604852329444	3.085826609240983	3.2009555369746696
1.745434010965273	1.6285588770671557	1.4941045504212633	1.3450918936982599	1.1971174933184152	1.05956703087364	0.933047200201539	0.8154611172687078	0.704902076366444	0.6000248184495062	0.4998997105866429	0.40391747288001767	0.3118362877308676	0.22414439106498035	0.14375745785759295	0.08609454440955014	0.09810148657792454	0.16349393600205106	0.24154504614508024	0.32283690351953437	0.40528832955225685	0.48831960107743977	0.5717734730325096	0.6556413014644147	0.7399739931204672	0.8248476564449327	0.9103497268090827	0.9965653382981222	1.0835892134830454	1.171513748355578	1.2604212325161213	1.3503871379223755	1.4414930237792973	1.5338049061098111	1.6274033388664	1.7223528920301578	1.8187066558140426	1.9165233751239656	2.015847636382746	2.116713877567057	2.2191459739375388	2.323156416786437	2.428745200285632	2.5358969279227432	2.644581976603735	2.754755491651638	2.8663576595808196	2.979315249353871	3.0935422121338707	3.2089445293775953
1.745434010965273	1.6284783891274823	1.4937741662082415	1.3443102376752485	1.1958705402645953	1.0579961487573069	0.9312837580994997	0.8135861083173785	0.7029667595156678	0.5980684377804598	0.49795951163057994	0.40203829130156904	0.31008885846714623	0.2226767247929117	0.14298170124117204	0.08733925380471337	0.1014142058253246	0.1668776999372022	0.24481607238265762	0.3260498570194179	0.4084882281693268	0.4915371368216157	0.5750306840154914	0.6589549269519361	0.7433574152682053	0.828312142881336	0.9139044777691864	1.0002187504868838	1.087349520159851	1.1753879450543128	1.2644162547992173	1.3545090708921734	1.4457479439504934	1.5381978080102425	1.6319401313868074	1.7270397031485687	1.8235481733108523	1.92152537402036	2.0210161858419897	2.1220547494794144	2.224665273148671	2.3288608097962498	2.434641021490625	2.541991116941949	2.650881928877553	2.761269162468125	2.8730941636141956	2.9862837162792975	3.100753326931417	3.2164102926865024
1.745434010965273	1.628403426551688	1.493463905308906	1.3435726444330618	1.1946925529364856	1.0565143223808018	0.9296243953953445	0.8118265974282683	0.7011559696872562	0.5962439334871392	0.4961572478844488	0.40030203556045396	0.30848839409163964	0.22135873241176318	0.14235447324152237	0.08865265523655423	0.10455601643503061	0.1700652757556738	0.24789288044905802	0.32906892574202307	0.41149278767478403	0.4945567471015537	0.5780866615843556	0.66206349494056	0.7465314658690884	0.8315624899357066	0.9172397758085977	1.0036472119612785	1.0908787658941363	1.1790245259235999	1.2681664757835274	1.3583788990580827	1.4497429665741999	1.542322276780726	1.6361995031170573	1.731439503858227	1.8280926117381844	1.9262197393118419	2.0258657839943193	2.1270648200197977	2.2298413326870508	2.3342089300852455	2.4401669585092	2.5477012339204443	2.6567830741366887	2.7673690219086864	2.8794008087864555	2.9928060435442196	3.1075015101931593	3.223392319377717
1.745434010965273	1.6283335244777157	1.4931721496889847	1.3428757057768297	1.193578225874063	1.0551145614636888	0.9280607121151752	0.8101730038815652	0.6994591048699003	0.594539782592108	0.4944805248702038	0.3986954278038981	0.30702060710564005	0.2201748872989544	0.14185699379261635	0.09001196146377759	0.10753670397800624	0.17307164209091352	0.25079073060410867	0.33190960439546086	0.4143177623945745	0.49739466951081696	0.5809579835432856	0.664983956432384	0.7495134839270464	0.8346164402163119	0.920374031066357	1.006869360701182	1.0941960165446138	1.1824430722159693	1.2716922164654256	1.3620173719115958	1.4534991494676912	1.546200257252152	1.6402040712433759	1.73557563186208	1.8323641687128451	1.9306314995660785	2.0304222862127803	2.131770880826576	2.2347020386831677	2.3392295869022464	2.445352887397527	2.553058292819468	2.662317592226587	2.773088350090575	2.8853122068712915	2.998918089587275	3.1138159598861472	3.2299195466781514
1.745434010965273	1.6282682688107635	1.4928974508407948	1.3422163585033242	1.1925227867583412	1.0537905868565127	0.9265851789690652	0.8086167587506314	0.6978667020537873	0.5929457201264898	0.49291832309041106	0.3972066885488979	0.30567285456149096	0.21911131686816696	0.1414727213877408	0.09139898420169049	0.1103659056243921	0.1759103976724896	0.253523463409999	0.3345858070811202	0.41697738390565653	0.5000653531679851	0.5836594855760806	0.6677314709198477	0.7523189944155005	0.8374898458213644	0.9233233498097885	1.009901763705862	1.09731824206897	1.1856610698784673	1.2750114365831764	1.3654429553867862	1.4570354984865392	1.5498513357138457	1.6439739035630747	1.7394690695567592	1.8363844208305535	1.9347828667494205	2.0347088147842136	2.1361968939790104	2.239272296713151	2.343948557865597	2.450225560608208	2.558090050190832	2.6675146096995017	2.7784568775113483	2.8908593556375295	3.0046410625744597	3.1197273275397404	3.2360323902198593
1.745434010965273	1.6282072894792945	1.4926385080658413	1.341591841549342	1.1915219307655094	1.0525367424042982	0.9251910280883795	0.8071501762624849	0.6963702907066642	0.5914525756103147	0.4914608176689577	0.3958253386138768	0.30443391959657135	0.21815566330846337	0.1411872047236426	0.09279934258708604	0.11305287934965032	0.17859390427763722	0.25610353038006606	0.3371101252043023	0.41948445436950627	0.5025818453065619	0.5862045103810405	0.6703196329694444	0.7549618708486235	0.8401969110148602	0.9261022926968677	1.0127592798026908	1.1002605775763061	1.1886941842008398	1.278140210557746	1.3686721953897656	1.4603692229504834	1.553293070114914	1.647527326599091	1.74313799667931	1.840172718170497	1.938693865280974	2.0387461218461373	2.140364359566571	2.2435742349695555	2.3483889783477916	2.4548089968231706	2.562821438006608	2.6723997639142407	2.7835014452328504	2.896057172495046	3.0100057477197613	3.1252723213374867	3.2417669106165747
1.745434010965273	1.628150254730316	1.4923941500587627	1.3409996594651825	1.1905717644817813	1.0513479196501083	0.9238721598006859	0.8057663442149241	0.694962268114821	0.5900521340989233	0.4900992252161104	0.39454203099943275	0.3032938258570307	0.21729736564033952	0.140987906141437	0.09420169364402557	0.11560643910024973	0.18113340416964366	0.25854213506610874	0.3394939333318044	0.42185051820045777	0.5049558965905652	0.5886050684059173	0.6727606661608703	0.7574545884908083	0.8427504022953376	0.9287237791731786	1.0154551020377274	1.1030369402406262	1.1915563290627098	1.2810929706356702	1.3717198908682855	1.4635156342505644	1.5565411431889145	1.650880596733484	1.7465997091029541	1.8437464636733392	1.9423825085526425	2.0425527974461186	2.144292433104349	2.2476276910530633	2.352571484595084	2.45912477094884	2.567275077828566	2.6769962741204725	2.7882316395739752	2.9009363449566448	3.0150446903441632	3.1304761552938123	3.2471479769740146
1.745434010965273	1.6280968663004274	1.4921633191486332	1.3404375510263264	1.1896687576898282	1.0502194931635185	0.922623062678506	0.8044590301411723	0.6936357928157916	0.5887370175416125	0.48882567320526304	0.39334840756369677	0.3022436792159078	0.21652647825112614	0.14086384601919613	0.0955971683029777	0.11803495350117917	0.1835391345713389	0.2608495089242439	0.34174754034579496	0.42408602233490644	0.5071981157704499	0.59087190234852	0.6750655920931441	0.7598084017529404	0.845161822299744	0.9311997020139365	1.0180014978724983	1.10565968446882	1.1942602420078023	1.2838827865448434	1.3745992977366026	1.4664885324623285	1.5596098406720147	1.6540483702832387	1.7498693976653892	1.8471213541542062	1.9458648523491373	2.0461454395749716	2.1479986820569645	2.2514508576201546	2.3565148538599248	2.463192104446003	2.571471046153499	2.681310799900019	2.7926795544873375	2.9055235130419277	3.01977833215202	3.1353677408253753	3.252205586965618
1.745434010965273	1.6280468552759055	1.4919450578175002	1.3399034622613675	1.1888097018371158	1.0491472648474331	0.9214387447840892	0.8032226007478372	0.6923846932289801	0.5875005831832808	0.4876330882126287	0.39223697645234246	0.30127553237891724	0.21583460718307926	0.14080531018142556	0.09697888555261357	0.12034610643297289	0.1858204551208546	0.2630349521291378	0.34388028010850635	0.4262004054895901	0.509318102912831	0.5930147836339844	0.6772443742965494	0.7620334784635637	0.8474415575611989	0.9335407347196337	1.0204093541965589	1.1081399748163743	1.1968174873065536	1.2865214292735743	1.3773227462334274	1.4693003900831858	1.562512068852135	1.6570439278394296	1.7529607931056168	1.850311420601138	1.9491556433650128	2.0495395858399568	2.1514991339199425	2.2550602759240315	2.36023631566984	2.467029008014679	2.575415101950876	2.6853725992863198	2.796864200376518	2.9098398828397274	3.0242326007248366	3.1399675630984736	3.2569597948793767
1.745434010965273	1.6279999785745023	1.4917384970737924	1.3393955230926424	1.1879916740553227	1.048127415751364	0.9203146742650193	0.8020519524261107	0.6912033889524918	0.5863368361653667	0.4865150998894369	0.3912010068617486	0.30038226861796785	0.2152140404334669	0.1408038029526495	0.09834157281792251	0.12254716031037485	0.18798594968772672	0.26510694249950617	0.34590065977139806	0.4282022584656325	0.5113245746134845	0.5950425690283592	0.6793060375344772	0.7641390275299706	0.8495990171966303	0.935756335369822	1.0226885599695086	1.110487917255823	1.1992384400573493	1.2890195601455983	1.3799012076006476	1.4719624035603327	1.5652594859633049	1.6598793054976015	1.7558862217671118	1.8533296960631254	1.9522683649085615	2.0527490525398204	2.1548079726940275	2.2584708182944717	2.363751307592324	2.470642782072098	2.5791315882427965	2.6891982281598987	2.8008070753675	2.913904255288189	3.0284247891017926	3.1442952136505387	3.261432610173237
1.745434010965273	1.6279560159114028	1.4915428464478668	1.3389120271423867	1.1872120059831086	1.0471564642983633	0.9192467279328372	0.8009424511801557	0.6900868228410922	0.5852403541829817	0.4854659582391528	0.39023443844790173	0.29955750169012146	0.21465810080765269	0.14085184344008267	0.09968124423219928	0.12464488157901674	0.19004331659144758	0.26707320655614275	0.3478163927473726	0.430099394914834	0.5132254353096677	0.5969633038818942	0.681258776506739	0.7661334087393773	0.8516427553449171	0.937855295797889	1.0248480362433576	1.1127126833703824	1.2015325191842572	1.291386860123004	1.38234464548758	1.474484933572969	1.5678626801252342	1.662565439460302	1.7586569140827406	1.856187892996672	1.9552151338880148	2.055786400916406	2.15793822940034	2.2616960024504094	2.3670698321846944	2.4740497504986436	2.5826361344502407	2.6928067555246007	2.8045228909383204	2.9177329871210658	3.0323744153819527	3.148372666379626	3.265645273259004
1.745434010965273	1.6279147671952072	1.4913573852867221	1.3384514140945354	1.186468256537561	1.0462312298718714	0.9182311465080659	0.7998898804466168	0.6890304020796336	0.5842062222113514	0.4844804620567728	0.3893318030160741	0.29879548936198447	0.21416071210720655	0.14094299745871766	0.10099494647181188	0.1266455576453844	0.1919996892919791	0.26894080093783923	0.3496345352504911	0.4318989092866543	0.5150278911229386	0.5987843113754856	0.6831100482684993	0.7680242275692234	0.8535806999749744	0.9398454373529366	1.0268959138226337	1.1148226203910516	1.203708266444316	1.2936319445078404	1.3846621294541668	1.4768773341456551	1.570331294349985	1.6651121088504017	1.7612833637901644	1.8588966698980944	1.958007004652119	2.058663079985643	2.160901777742001	2.264748151484544	2.3701983085956946	2.4772661480498535	2.585945246687532	2.6962111562267275	2.80802779505103	2.921344738939823	3.0360975198268636	3.1522134205371395	3.2696121310980146
1.745434010965273	1.627876050249937	1.4911814552010738	1.3380122543429813	1.1857581881592327	1.0453488010541734	0.9172644956360481	0.7988903956995699	0.6880299469993822	0.5832299758795041	0.4835538968920514	0.3884881567061959	0.2980910585369094	0.21371629278605345	0.1410715564221592	0.10228054527394008	0.12855504615086086	0.19386160834900046	0.2707161811360596	0.3513615376724975	0.4336072987318482	0.5167385189437081	0.6005122715919881	0.6848666520533152	0.7698184182686321	0.8554198236272451	0.9417341690898557	1.0288396132222746	1.1168253379809856	1.2057735205958684	1.2957630058938099	1.3868619138769347	1.4791481321367888	1.572674127862885	1.6675284849045253	1.7637749725297929	1.861465758382356	1.9606540494956561	2.061389545585105	2.1637094656647853	2.267627822776418	2.3731551820256582	2.4803063497568774	2.5890704430366114	2.6994265925503695	2.8113361580321867	2.924751191446685	3.0396088941242154	3.1558357435094377	3.27335191075795
1.745434010965273	1.6278396988580393	1.4910144534526113	1.337593235499378	1.1850797459480777	1.0445065077534057	0.916343631739022	0.7979404847656771	0.6870816463972421	0.5823075521002646	0.4826819810485894	0.3876990210065089	0.2974395401894681	0.21332001510983287	0.14123252064887293	0.10353656263248041	0.13037878098760528	0.19563507973402772	0.27240527145496757	0.35300330688400294	0.43523050723899687	0.5183633448221395	0.6021532896982047	0.6865348006279159	0.7715223155583684	0.8571662886943758	0.9435281211252629	1.0306858472199845	1.1187276954708891	1.2077354301113679	1.2977874358130743	1.388951504799133	1.4813051236310022	1.5748991542094137	1.6698229874758594	1.7661403409535656	1.8639040622421008	1.9631654941435739	2.0639755737012475	2.166368495518997	2.2703508453616035	2.375953152608251	2.4831806124188667	2.5920251868821924	2.7024634883962535	2.814460998926134	2.927967307720883	3.0429209505350836	3.1592502582677104	3.276876373133521
1.745434010965273	1.6278055610494258	1.490855827204889	1.3371931506013524	1.1844310393719066	1.0437018967876963	0.915465672130016	0.7970369331255144	0.686182018524082	0.5814352460186065	0.4818608185196638	0.38696033140920655	0.29683671275665424	0.21296751196485025	0.14142144674729099	0.10476204262021685	0.13212180925023337	0.19732563532439207	0.27401351221846504	0.3545652612030334	0.4367739828774959	0.5199078834368006	0.6037129553815452	0.688120208595725	0.7731417168351696	0.858826252343467	0.9452333868185728	1.0324407737268209	1.1205360578975465	1.209600536500991	1.2997119606028054	1.3909379034497855	1.4833554521954826	1.5770136431733803	1.6720032371030389	1.768387352407018	1.8662197445656445	1.965549797957422	2.066429724465628	2.1688807486814143	2.272930029096444	2.3786012798301175	2.4859006902730214	2.5948190617417026	2.705334695927368	2.817412311798101	2.9310039404843606	3.0460479821604456	3.1624735836391116	3.2802022840426264
1.745434010965273	1.6277734976134166	1.4907050684413496	1.3368108876685194	1.1838103260841832	1.0429327103094532	0.9146279686608462	0.7961767933895445	0.6853278768154162	0.5806096732471933	0.4810868577797451	0.3862683924965443	0.2962787526751217	0.21265479479170435	0.14163445642770287	0.10595644159284696	0.13378881930876207	0.19893835638244445	0.275545907334523	0.3560523778390977	0.438242727484766	0.5213771709025772	0.6051964003393736	0.6896280851405012	0.7746819385815542	0.860405151134973	0.9468555010633523	1.0341102036166432	1.12225636887031	1.21137483981745	1.3015427531665262	1.3928274679813881	1.485305674093416	1.5790245459932644	1.6740762300769183	1.7705232472956802	1.8684203017877252	1.9678147314328982	2.068755677147196	2.1712619907800974	2.2753735749203026	2.381109755110518	2.4884756662315586	2.5974622741933513	2.708049576728558	2.8202033345148334	2.933874449644122	3.049002216570878	3.165516880651248	3.283341367213477
1.745434010965273	1.6277433807716293	1.4905617095081978	1.3364454205183551	1.1832159976658443	1.042196866797058	0.9138280845302692	0.795357358461478	0.6845162998063374	0.579827736750639	0.4803568556725592	0.38561983863020777	0.295762191127072	0.21237830723369855	0.14186809850161677	0.10711954836872585	0.13538417151225612	0.20047793017554927	0.27700706557120125	0.35746923666037866	0.4396413406512159	0.5227758531856597	0.6066083350959772	0.6910631976518905	0.7761478641144205	0.8619078324868436	0.9483995480336943	1.0356993658816336	1.1238939954248692	1.2130638554878153	1.3032854882963159	1.39462604278452	1.487161788823274	1.580938107756922	1.6760484036914576	1.7725546867446285	1.8705126320228527	1.9699674464998558	2.0709569946685757	2.173520357955161	2.277690478216971	2.383486781495182	2.490913600005864	2.5999649755233127	2.710619117121062	2.822841936436309	2.9365856613154637	3.051790836390564	3.1683884179813027	3.286302042166087
1.745434010965273	1.6277150930355166	1.4904253191637362	1.3360958005922572	1.1826465669349309	1.0414924441802484	0.9130637737331654	0.7945761378029677	0.6837446045658894	0.57908659764767	0.47966784563087866	0.3850115993993136	0.2952838760766609	0.21213504221270768	0.14211940287643296	0.10825140179159078	0.13691197667897825	0.20194868785703646	0.27840123415361595	0.3588200632063427	0.44097405843199466	0.5241082074657716	0.6079530914837018	0.6924299551177547	0.7775439872076231	0.8633390652344121	0.9498702235385672	1.0372130724503508	1.125453877904008	1.2146725744962517	1.3049453896631074	1.396339011198981	1.4889291860410399	1.5827601277008487	1.6779256863664498	1.7744878558050696	1.8725030952392336	1.9720107738879513	2.073047096810384	2.1756633215642696	2.279887712313014	2.385739387355757	2.49322472862824	2.6023344300960574	2.7130500748411404	2.82533783318197	2.939149731423955	3.0544270295087115	3.1711015753285	3.2890980839454644
1.745434010965273	1.6276885261877814	1.490295499115781	1.3357611497555948	1.1821006567426922	1.0408176649183611	0.9123329629092369	0.7938308364956226	0.6830103232842447	0.5783836495033282	0.47901710970784045	0.3844408692445512	0.2948409389323484	0.21192202726883302	0.14238575261198827	0.10935224226527557	0.1383759362227626	0.20335463382360508	0.2797323447128847	0.3601087659702487	0.4422447858282916	0.5253781779624985	0.6092346670184117	0.6937324212935992	0.7788744498298741	0.8647030667439555	0.9512718370411929	1.0386557628763378	1.1269405717627747	1.2162056721710408	1.3065272109024102	1.397971341302708	1.4906131948306076	1.584495819638632	1.6797135515834831	1.776328455236819	1.8743975068701395	1.973946853494387	2.0750318854794134	2.177697510738161	2.2819723907400733	2.3878767505084597	2.4954139537061186	2.6045792595704778	2.715352857022547	2.8277005907188286	2.9415750928559317	3.0569191567073326	3.1736654200899923	3.2917389294818657
