1.6121391341352451	1.5821386252397283	1.5612255108458561	1.5449185868668627	1.5309139624328405	1.5181785616104861	1.50626403017074	1.4949686340254424	1.484192867112409	1.4738803975308967	1.4639939002513185	1.4545049810539945	1.4453898794583013	1.4366275989602022	1.4281990781337413	1.4200868126168125	1.4122746717390144	1.4047477980518361	1.3974925421322784	1.3904960099845245	1.3837470276090005	1.377235553208261	1.3709523245988755	1.3648888028763926	1.3590378638425298	1.353393353343292	1.347950070098719	1.3427039737574524	1.3376528953983038	1.3327974949031258	100.0	100.0	100.0	100.0	100.0	100.0	100.0	100.0	100.0	100.0	100.0	100.0	100.0	100.0	100.0	100.0	100.0	100.0	100.0	100.0
1.6121391341352451	1.550975268158182	1.5009677785640743	1.456799903455026	1.416045711731168	1.377613973061844	1.3409723712852717	1.3058191789085771	1.2719542183983301	1.2392288498192976	1.207525728813155	1.1767496645219033	1.1468227360747214	1.1176811875164554	1.089273193618204	1.0615571488087643	1.0345003289360322	1.0080778454491859	0.9822718374970446	0.9570708587867366	0.9324694226823769	0.9084676741174577	0.8850711611684311	0.8622906827402989	0.840142191642866	0.8186467342602578	0.7978304090492614	0.7777243261562193	0.7583645496372535	0.7397920022141543	0.722052310397342	0.7051955656087553	0.6892759750567234	0.6743513753125769	0.6604825826372502	0.6477325580332061	0.6361653726676874	0.6258449714207431	0.6168337489641642	0.6091909733758754	0.6029711150279232	0.598222160562732	0.5949840093630272	0.5932870590639211	0.5931510839975901	0.5945842409568497	0.5975827437481537	0.6021326331992319	0.6082082579542321	0.6157740634898581
1.6121391341352451	1.540033520992455	1.4766009197129444	1.4177897399283532	1.3623704363374363	1.309775686930324	1.2596157892730329	1.211578133870569	1.1654035113024284	1.1208780357612589	1.0778278206670917	1.0361140994155806	0.9956287516675323	0.9562904842089714	0.9180418078814738	0.8808468315847076	0.8446898248181316	0.8095744715782872	0.7755237312070801	0.7425802207719439	0.710807028001071	0.6802888454570414	0.6511332781844802	0.6234721115978565	0.5974622289307252	0.5732857386545519	0.5511487252011605	0.5312779074544971	0.513914448099174	0.4993043060653743	0.48768497485894696	0.479269253660103	0.4742277510749689	0.47267279435867326	0.4746468232409321	0.480117794758489	0.4889826295725533	0.501077820418722	0.5161947752563028	0.5340969387028972	0.5545358452840958	0.577263783096101	0.6020437519352521	0.6286556869776269	0.6568995252644635	0.6865965954393248	0.7175887667780005	0.7497377217901143	0.7829233700289694	0.817041001512986
1.6121391341352451	1.533962686864507	1.4615029881907018	1.3920321555946629	1.3257013941402425	1.262542583810244	1.2023251235005938	1.1447313765649378	1.089451074606754	1.0362157312006688	0.9848068857802569	0.9350547533440128	0.886834282863143	0.8400614231403354	0.7946906485472378	0.7507141054609338	0.7081624915261858	0.6671077036957392	0.6276672543297832	0.5900103696812874	0.5543654614693413	0.5210281813940321	0.4903683826603966	0.46283290462189813	0.4389392693540372	0.41925383538507577	0.40434842072948535	0.3947343830858168	0.3907837744819974	0.3926595241215742	0.4002808958800228	0.41333904539181376	0.43135555115765967	0.45376005013522414	0.47996211622160856	0.5094028744625533	0.5415824113920612	0.5760712286162799	0.6125094779221567	0.6506002967796242	0.6901004950284446	0.7308124464012419	0.7725749559038508	0.8152563874615821	0.8587496594799328	0.9029675822057814	0.9478376015519628	0.9932996727489176	1.039304193414494	1.0858098675909977
1.6121391341352451	1.5300133737368187	1.4508358745818717	1.3729466533677108	1.2978497881760653	1.2261858753889763	1.1578853857981142	1.0926283693603367	1.030058719521547	0.9698596113303022	0.9117741879597274	0.8556075475990919	0.8012239263010696	0.7485443203937397	0.6975465962545134	0.6482690645614264	0.600818249771509	0.5553816121402608	0.5122459307492826	0.4718214790378637	0.4346701901871747	0.4015313029140167	0.37332888760416927	0.35113293143135305	0.336038905642484	0.32895337555240106	0.330342566362916	0.3400736150220518	0.3574540116752045	0.3814412861787354	0.4108920746127266	0.44474240824034056	0.4820928817657259	0.5222222800799377	0.5645704558693477	0.6087083784843422	0.654308992616865	0.7011229754316748	0.7489584218344709	0.7976680662912379	0.8471373527130346	0.8972763913208842	0.9480135641625592	0.9992941517048576	1.0510744521023716	1.1033175138493305	1.155994656172831	1.2090827501950083	1.2625630797768725	1.3164205576736359
1.6121391341352451	1.5272110416769504	1.4427568534629447	1.3579280349231564	1.275501748077846	1.1967187035792903	1.121668053831244	1.0500279446383378	0.9813989114721579	0.9154187104026498	0.85179447606757	0.7903079254230245	0.7308142717566117	0.6732426019845998	0.6176011415772152	0.563989795695706	0.5126226740443476	0.4638641153652351	0.41828201341023735	0.3767194383250958	0.3403731715539497	0.3108339378323865	0.2899825859287977	0.27960407774615437	0.28073947897706625	0.29317196124492034	0.3155191806772194	0.34584064997076824	0.3822388005601155	0.42315838116505167	0.46743436708747366	0.5142268607599543	0.5629401341006294	0.6131514578744139	0.6645586913398008	0.716942900322637	0.7701451428666375	0.824046699042984	0.878559535334121	0.9336178358383806	0.9891709066752129	1.045178965244958	1.1016141836051656	1.1584555712321736	1.21568433757681	1.2732875154805376	1.33125535880631	1.389580777640197	1.4482586372570623	1.5072855383182857
1.6121391341352451	1.5251083397692529	1.4363620650458893	1.345653277313301	1.256941942123351	1.1720540981568688	1.0912333755005492	1.0141549591868952	0.9403767654751386	0.8694921054486208	0.801172364045763	0.7351751834853074	0.6713455272156508	0.6096201122906012	0.5500407565901253	0.4927820841148816	0.4382015064438404	0.38692346563677127	0.3399725215256244	0.29895761460600934	0.2662405847946313	0.2448273364929882	0.23751795780273513	0.24537276331427407	0.2669201911003302	0.2991322126829085	0.33893648128679454	0.3839610355574104	0.43258224983481225	0.4837321048236572	0.5367123593748052	0.5910620389903085	0.6464715604821604	0.7027294461655973	0.7596876112308562	0.8172434549098061	0.8753220071368729	0.9338701929730594	0.9928506774192015	1.052235293138802	1.1120038672672323	1.1721414066772142	1.2326427627670267	1.2934992738159505	1.3547073470538844	1.4162654784369306	1.4781736050623253	1.5404330099861434	1.6030458005708006	1.6660149965934588
1.6121391341352451	1.5234673268388141	1.4311417513425642	1.3353528120107312	1.2411554916473693	1.1509443638315118	1.0651125928091427	0.9833305333422302	0.9051132690983075	0.8300096624219158	0.7576545773166631	0.6877796239491056	0.6202164937744912	0.5549064475522754	0.49192476208975455	0.4315315226833362	0.3742686667858265	0.3211381023467724	0.27390850394980465	0.23554501331341127	0.21040074970815587	0.20299308619328452	0.21483441924274466	0.24290872778602746	0.2822784532118605	0.32883264454550526	0.37989960397557243	0.4338787575500999	0.48981416774159997	0.5471250390081952	0.6054489812310226	0.66455405454443	0.7242879314190254	0.784549930238906	0.8452721635636242	0.9064077368555716	0.9679268891302907	1.0298087582310154	1.092041642642688	1.1546176767789538	1.217532001872824	1.2807858138841546	1.3443817022822653	1.408321243186398	1.472608736180052	1.5372493276509902	1.6022489056642097	1.6676137921345113	1.7333507688139564	1.7994668521877064
1.6121391341352451	1.5221485021687184	1.4267811653582478	1.326538113070558	1.2274881532510884	1.132577274927024	1.0423430154348177	0.9564486455039177	0.8743657690424439	0.7955984361971289	0.7197439078201949	0.6465053631298433	0.5756972878865588	0.507260555071913	0.4413007473089083	0.3781715872420627	0.3186483590666622	0.2642826804139054	0.21807844523344433	0.18538516684803005	0.17328375410884347	0.1853163370265045	0.2171662112165131	0.2614774764041142	0.31287103443286224	0.368321460876696	0.42621694929717674	0.48567557773837944	0.5461964821133564	0.6074845881085723	0.6693603413565975	0.7317127686104925	0.794472460172151	0.8575950750016577	0.9210557255197616	0.9848382858507648	1.048935819615826	1.1133472809589349	1.1780739851204591	1.243120248273197	1.3084901139651524	1.3741958526364728	1.4402430679766565	1.506640632824436	1.5733979508643978	1.6405246879129989	1.7080306728329775	1.775925911512958	1.8442203277793903	1.9129240022744858
1.6121391341352451	1.5210641604725044	1.423073086517743	1.3188793637250251	1.215491976689559	1.1163915913047722	1.0222550008695626	0.9327360179583291	0.8472620062430077	0.7652918618771499	0.6863843186203701	0.6102118870328017	0.5365677626830304	0.4653864843381614	0.3967983379415832	0.33125636448270107	0.269829176430357	0.2148830464865044	0.1715291303917236	0.14906458706006642	0.15590005893738523	0.188328890883408	0.23568658817880755	0.29056074539027094	0.34930540272079363	0.4101971841201307	0.47237759703545656	0.535392563089522	0.5989913753411041	0.6630313920735412	0.7274307074138286	0.7921417512865968	0.8571409845313733	0.9224158572926923	0.9879647388787799	1.0537896896609007	1.119897683923719	1.1862985475950079	1.2530027418890497	1.320022039645459	1.387367795777542	1.455056061591613	1.5230975804471012	1.5915055832959313	1.660293061562977	1.7294730477369449	1.7990584251933877	1.869061834873168	1.93949531393761	2.0103702126431298
1.6121391341352451	1.5201561665119148	1.4198743587984544	1.3121434206537548	1.2048461946207067	1.1019819527243615	1.0043617987369575	0.9116277484394304	0.8231622403217007	0.7383789212566723	0.6567975317369942	0.5780582860635958	0.5019295436519194	0.4283335077315405	0.3574181399005278	0.2897398673099454	0.2267387691800591	0.17202703601807903	0.13439451015095943	0.1283166140048579	0.15659763383437308	0.2049737672709939	0.262239388303258	0.32351516983129064	0.3867872933953174	0.45115836748618604	0.5161903916951147	0.5816597291326916	0.647449352218437	0.7134988073272053	0.7797794117704554	0.8462813767252885	0.9130033565234765	0.979955984194325	1.0471478088315753	1.1145951651554171	1.182313153539639	1.2503184282649522	1.318627846034754	1.3872582829035134	1.4562272952585158	1.525551781933815	1.595247632986135	1.6653310485697794	1.735817934706558	1.8067240176606503	1.8780644869702994	1.9498530943284762	2.0221043215294	2.0948326585061867
1.6121391341352451	1.5193843501724968	1.4170822974581982	1.3061594798571066	1.1953129895815098	1.0890453978600398	0.9882974018800268	0.8926970048889694	0.8015812144161759	0.7143187004718243	0.6303903821645899	0.5494034915610533	0.47109918051492594	0.39538239314439677	0.3224120438863567	0.2528530382168836	0.18862803474963044	0.1353438850923012	0.10810392550235509	0.12375545921918894	0.17002753015432917	0.22855240568944532	0.29174948746695334	0.3569626345484827	0.42315801891241056	0.4898803050031243	0.5569167691284308	0.6241673280540655	0.6915876903874937	0.7591629535310781	0.8268957375525346	0.8947976746578535	0.9628834569797634	1.0311749484129478	1.099690787939382	1.1684540402550716	1.237486718963659	1.3068098509246155	1.3764450251673996	1.4464131522299912	1.5167369072875587	1.5874330938350014	1.6585219068437935	1.7300220589242152	1.8019518979280629	1.8743293607691607	1.9471699549684456	2.020490801014846	2.0943087895730237	2.168640216355713
1.6121391341352451	1.5187200061484176	1.414620987335234	1.300798770126883	1.1867110764874917	1.077349241644994	0.9737790865507227	0.8756125539413633	0.7821409429829458	0.6926886395654633	0.6066986459392694	0.5237457031576933	0.4435431411787517	0.3659761166054636	0.2912107931097085	0.22003267280846184	0.15502364629593052	0.1051645807972048	0.09493534823062463	0.1322991071073052	0.19031851008975625	0.25480263652535956	0.32160096391815934	0.38935203006263547	0.4575347592577224	0.5259268010312786	0.594435780307488	0.6630288524540643	0.7317033478956202	0.8004720225821753	0.8693535601114344	0.9383754267459894	1.007561791925075	1.0769423590144465	1.1465421400667535	1.2163897030321502	1.2865118954976063	1.3569328427634204	1.4276779566230058	1.498771726139903	1.5702402349051834	1.6421005436644445	1.7143764793109395	1.7870889331115916	1.8602582884416508	1.9339025237181184	2.008040871677634	2.0826924161516303	2.157875527683345	2.2336073450972918
1.6121391341352451	1.518142043837604	1.4124328899464336	1.2959618982132177	1.1788990849546697	1.0667107544373335	0.9605836282444573	0.86011172714231	0.7645406079256396	0.6731514930873781	0.5853511374341059	0.5006836128312736	0.41883608832446717	0.3396752840378674	0.26337791213884454	0.19088120509563464	0.12574071759675173	0.08287620792264133	0.09541594430950852	0.14870312320073353	0.21347471361649628	0.2814757543833515	0.35055929618920073	0.42003072688807225	0.48962831838740467	0.5592544033453533	0.6288818420769491	0.6985163406620271	0.768179268626342	0.8378996380534108	0.9077082654687247	0.9776409228353901	1.047728997287636	1.1180078140258205	1.1885068139328714	1.2592605509642099	1.3302948169350666	1.4016406210828194	1.4733251853401084	1.545377352616907	1.6178223845243433	1.690680867496948	1.7639786704641447	1.837738762560021	1.911981669452481	1.986728419891644	2.06200059592524	2.1378182286728276	2.214201505828416	2.2911693718555184
1.6121391341352451	1.5176346007165076	1.410473475203395	1.291570621393232	1.1717646581442427	1.0569837567096294	0.9485315519037668	0.8459824706295538	0.7485365308039849	0.65543331904053	0.5660457639521318	0.47989050190183963	0.3966329147161953	0.3161281162321337	0.23857915722111545	0.16514706491122472	0.10096894858643572	0.07095104401914894	0.1061476152140251	0.16874220130927983	0.23731825067867332	0.30748116759400634	0.37808889193207973	0.4487778359926306	0.5194210671782562	0.5899874016749123	0.6604864851085107	0.7309462389822361	0.8014025106146848	0.8718946578984091	0.942461981273612	1.0131444571773025	1.0839804723637256	1.1550079400562665	1.2262608021904504	1.2977775244297614	1.369584561390291	1.4417169667450944	1.5142040702096498	1.5870786485335153	1.6603650335635	1.7340868494462962	1.8082719294155252	1.882943941279128	1.9581253588015757	2.033839966359219	2.1101102294593908	2.186958253015389	2.2644042473921515	2.3424715253888273
1.6121391341352451	1.517185505652259	1.4087076621717618	1.2875623075039078	1.1652170489688003	1.0480494639768818	0.9374763336551472	0.8330510026254284	0.7339283728276731	0.6393082904993819	0.548532985551741	0.46109632185086175	0.37664931810389873	0.29504941783098765	0.21656135827481884	0.14271976761594235	0.08144147426927548	0.0708365658418678	0.12240122984554482	0.18997597443013603	0.2607675115694935	0.33232526084940167	0.40399557568953737	0.4755778501414094	0.5470162931814231	0.6183159822976407	0.6895077342256729	0.7606319837469743	0.8317337456686981	0.9028595708346175	0.9740548869493241	1.0453606301617593	1.1168238029498423	1.1884800937419517	1.2603703409640044	1.3325353497836598	1.4050022809932001	1.4778089448642036	1.550986988160411	1.6245727745417609	1.6985896765922743	1.7730638501338396	1.848024853401076	1.9234963165670322	1.999504750061593	2.0760748998539174	2.1532303229408005	2.2309947252732876	2.3093890195243345	2.3884399682873823
1.6121391341352451	1.5167852571539082	1.4071073866918482	1.283886092829645	1.1591819427359182	1.0398100497502971	0.9272967781794393	0.8211730743502524	0.720549341962684	0.6245879016042206	0.5326040501004532	0.4440749325361083	0.3586478985955959	0.276205289514687	0.19713681316733395	0.12363351327508917	0.0685404713655842	0.0800446994766552	0.14090645450919093	0.2111703129115948	0.2833157344390961	0.3558146245196543	0.42825305464560703	0.5005092284784528	0.572566109865778	0.6444483678997077	0.7161983720404999	0.7878645723007598	0.8594970491606317	0.9311479969696028	1.0028668165368044	1.0746959426138902	1.1466880707974672	1.2188775724176797	1.2913107833404878	1.3640306959157673	1.437064814408613	1.510453557914355	1.5842304959854556	1.658435669447919	1.7330912264222234	1.8082254699207418	1.8838680917562405	1.9600465036536852	2.0367880623567767	2.114119231844125	2.1920645932452074	2.2706489517616237	2.349895183240274	2.429830503493139
1.6121391341352451	1.5164263249885372	1.4056498953916055	1.280500149324797	1.1535977452572974	1.032184005683211	0.917891502234732	0.8102276258088136	0.7082590670661885	0.6111131016499789	0.518082414111714	0.4286347883065997	0.3424279550034157	0.2594016159827152	0.1801704978555024	0.10806579945533291	0.06368944850935335	0.09424951755396353	0.15995088624766565	0.2317355353604511	0.30474799856381396	0.37790714505046286	0.45091559415575966	0.5236918252595332	0.596237355483893	0.6685884639659331	0.7407930710654232	0.8129054938241664	0.8849784904592612	0.9570679162100955	1.0292258882730563	1.1014977781948279	1.1739382230579494	1.2465835299432533	1.3194821221229716	1.3926800578824015	1.466204686192895	1.540099104453627	1.614398516455305	1.6891462604135765	1.7643633558718916	1.8400793627896261	1.916325615479214	1.9931323804782917	2.0705278925793325	2.1485392805194006	2.2271937541243405	2.306515242020585	2.386531102662613	2.467266410663348
1.6121391341352451	1.5161026612326376	1.4043165219652052	1.2773696979472928	1.14841286369644	1.0251027247453057	0.9091748559009372	0.8001120800385679	0.6969382996414919	0.5987484379978065	0.5048173518708505	0.4146119980708676	0.3278178366089039	0.24447509744472742	0.1655678853642899	0.09630096214291409	0.06667368152327799	0.11043808057426467	0.17871711126091608	0.25140725017615484	0.3249973887621802	0.39863375820191105	0.47207477960288596	0.5452579207444459	0.6181949753339809	0.6909265997435141	0.763504994478252	0.8359869841699658	0.9084288998129119	0.9808860955925721	1.0534153176023944	1.1260633407816316	1.1988865825880854	1.2719229298097492	1.3452226121238648	1.4188347719408665	1.4927860014001253	1.567121961566139	1.641879528971855	1.7171053796666267	1.7928191067975792	1.869050073677409	1.9458340240372873	2.023201973671989	2.1011839030599098	2.1798071965525287	2.2591006491481305	2.339088990532408	2.4198027143986764	2.5012647567883035
1.6121391341352451	1.5158093506707742	1.4030917919480173	1.2744655365783781	1.1435836768718	1.0185079375896307	0.9010738500224429	0.7907387867402675	0.6864848998215304	0.587377612188856	0.492679105754642	0.4018650617519572	0.3146691099520253	0.23128604250984863	0.153261550879232	0.08861413246619167	0.07520673920976363	0.12709367450281603	0.19683097595789636	0.27008496846939734	0.3440719143395511	0.4180608579957338	0.49183478267430825	0.5653406315724251	0.6385939429644111	0.711636997166555	0.7845244310971834	0.857314500032856	0.9300661547842597	1.0028339181331636	1.0756785014822083	1.1486473981445473	1.2217990918273534	1.2951726777470303	1.3688197398231483	1.4427924368410336	1.5171165191930962	1.5918401400372375	1.6670015977391397	1.742650721660273	1.8188048097464589	1.895495207599264	1.9727603817593107	2.0506321394072895	2.129141871694397	2.208317969880534	2.2881904445978813	2.3687845279796473	2.4501332552236414	2.5322587679930995
1.6121391341352451	1.5155423561211383	1.401962756296249	1.2717629306431457	1.1390729948117606	1.0123497571276259	0.8935258032880417	0.7820322900249169	0.6768107448040958	0.5769000523697386	0.48155514600360594	0.39027081689621984	0.30285204819985845	0.21971243426169054	0.14319540857403854	0.08506745672317284	0.08672619942242676	0.14351891741572806	0.21413406544643265	0.28775138836518077	0.3620167220212585	0.436270128925814	0.5103030527599531	0.5840665192599378	0.6575765785530523	0.7308759284231474	0.8040200823088068	0.8770680489799821	0.9500806296722427	1.023111716943401	1.096225156172652	1.1694691890577	1.2429039909550064	1.3165694064091638	1.3905186966932357	1.4648068150774778	1.5394582340879632	1.614523638142801	1.6900432336877662	1.7660683872872047	1.8426148888748184	1.9197168692088253	1.9974146057855415	2.075740770231634	2.15472738539535	2.23440536668095	2.314803793669454	2.3959506843862153	2.4778799348948253	2.5606129175747587
1.6121391341352451	1.5152983298306564	1.4009184876204344	1.2692407645660284	1.1348488724293122	1.006585165233675	0.8864765141562763	0.77392719870054	0.667839312998338	0.5672282309768256	0.47134724469617917	0.3797212758724014	0.2922521074765865	0.20964498463428496	0.135306765868305	0.08533234265157161	0.0995355509115755	0.1594023777547954	0.23057461821961855	0.3044312216681911	0.378894850895543	0.4533474987141701	0.5275835011724208	0.6015532340177225	0.6752723425786746	0.7487832526523214	0.8221411059956735	0.8954056487767316	0.9686380908284643	1.041893711929411	1.1152373329151941	1.1887178423896279	1.2623976796325238	1.3363166704232992	1.410529864319569	1.48509496505607	1.5600349865845993	1.635403110772818	1.711241972096883	1.787602073450523	1.8644997691906522	1.94197200092842	2.0200601719829656	2.098797783402308	2.178217588801922	2.2583521998632525	2.339230855888192	2.4208838923663833	2.503345879514693	2.5866368456306836
1.6121391341352451	1.5150744716439024	1.3999496939534326	1.2668808838298042	1.1308836836854204	1.0011768261550973	0.8798788219403256	0.7663665045532239	0.6595037715355497	0.5582855382602963	0.4619691572489113	0.37012112936788355	0.2827671558348112	0.20098303616458713	0.12950841611185832	0.0887126297968745	0.11271787516550072	0.17461374069544536	0.24615429303236017	0.3201696580824016	0.39477495094600557	0.46937765188247105	0.5437727084125827	0.6179082690865099	0.691797787688001	0.7654832581100477	0.8390194982159909	0.9124660605058083	0.9858846997519568	1.059331820257025	1.1328727681977449	1.2065573662351243	1.280449819938086	1.354589890404375	1.4290346622763546	1.5038438708938682	1.5790394252512676	1.654676732630927	1.7308007295691403	1.8074601797342102	1.884674564979251	1.9624812016087723	2.040922434067175	2.1200343532943218	2.1998488253987616	2.2804007622205726	2.361719317287146	2.4438377661531003	2.5267892402793963	2.610595157225352
1.6121391341352451	1.5148684209703427	1.3990484190289159	1.2646675787848216	1.1271533905841953	0.9960921452877354	0.8736914611166552	0.7593002390533469	0.6517454447783252	0.5500045769143963	0.45334476430100007	0.3613857558305611	0.27430528757046824	0.19363126756222038	0.12567492798034346	0.09436390365123602	0.12580721924100913	0.1891101533484541	0.2609013164443434	0.3350208681616302	0.40972634628941107	0.48444174802978535	0.5589603680039944	0.6332286896747878	0.7072571582260005	0.7810868678227584	0.8547717402676246	0.9283714952787505	1.0019480013011277	1.075558625792559	1.1492692249954402	1.2231302434396492	1.2972078330159829	1.371541424642443	1.4461909436603608	1.5212151164196148	1.5966375987309505	1.6725150982161052	1.7488948392182793	1.8258231351917857	1.9033236366936226	1.981433136431748	2.0601958681927726	2.1396485875496793	2.219824264532414	2.300758847674649	2.382481559899369	2.465028693898294	2.548432265321008	2.6327141759290544
1.6121391341352451	1.5146781734344614	1.3982078069427868	1.2625871750764022	1.123636959653506	0.9913025145412835	0.8678781394047651	0.7526843890753335	0.6445125750323409	0.5423257800483553	0.44540656700373876	0.35343961981147115	0.26678309997558125	0.18749721176996836	0.1236375967790307	0.10151600822307534	0.13857168387498228	0.20289199810894878	0.2748565061952926	0.3490417996680362	0.4238160685881632	0.49861453224597374	0.5732288555457193	0.6476027214290732	0.7217439457327385	0.7956923636606915	0.8695010810004317	0.943229687763472	1.0169402234975031	1.090690419363534	1.1645471166893848	1.2385611706423112	1.3128003496365426	1.3873036366722815	1.46213390062303	1.537348828750862	1.6129736201398355	1.6890662511495829	1.765675508748514	1.8428468327379104	1.920606650109165	1.9989916634372271	2.0780475279452193	2.157812003097489	2.238319223593123	2.3196054798166217	2.401701177001374	2.484644130124635	2.5684661595907765	2.6531897136624987
1.6121391341352451	1.5145020158679323	1.3974219155094856	1.260627705526306	1.1203158917258942	0.9867827015787043	0.8624067889370693	0.7464800134849375	0.6377593103346582	0.5351962806310573	0.4380944570433537	0.34621497262456985	0.2601243397159134	0.1824896031280464	0.12319015693895788	0.10957438835433063	0.15089989787787597	0.21598106440845466	0.28806582780013035	0.3622888435160149	0.43710788988472604	0.5119656286369632	0.5866526908406128	0.661109623395245	0.7353418233978343	0.8093874993535543	0.8832990987212427	0.9571358662581485	1.0309599819550532	1.1048296249386593	1.1788123531878931	1.2529591456836051	1.3273396446507715	1.4019922284540078	1.4769825989141026	1.552367343888522	1.6281731022718111	1.7044590694347868	1.7812749954350746	1.8586663635169651	1.936661962909125	2.015298820694564	2.0946228126408286	2.174673199210094	2.2554855251566814	2.3370962677474716	2.41953674460338	2.502846427884067	2.587056998656044	2.6721910636006614
1.6121391341352451	1.5143384750849453	1.396685566812605	1.258778644807175	1.1171738395664343	0.9825103511135828	0.8572489527193885	0.7406525171914686	0.6314448706016508	0.5285689786935324	0.43135470247785607	0.33965079010745725	0.25425884633898843	0.17851753823589295	0.12410327528835104	0.11812114354547924	0.16274381695949494	0.22840933995474708	0.30057638841533296	0.3748160669740487	0.4496607490272609	0.5245587608530856	0.5992998451446728	0.6738209896990767	0.7481255984626753	0.8222508653584951	0.8962470974151159	0.9701743585758188	1.044094825482485	1.118066546868723	1.1921578944488873	1.2664201229593566	1.3409245608165625	1.4157088391233443	1.4908414532122451	1.5663777946877924	1.6423459086982994	1.7188061639620729	1.7958086997546152	1.8734004974932026	1.9516111978367126	2.0304779535099438	2.110048470740328	2.1903618758628536	2.271455804774896	2.353366442550318	2.4361267405988256	2.5197769836259543	2.604348483197005	2.6898656612473335
1.6121391341352451	1.5141862771356156	1.3959942264909868	1.257030693112808	1.1141962944131287	0.9784655744590284	0.8523792779694587	0.7351710499332432	0.6255328553911791	0.5224017656484896	0.42513910486709616	0.333691897868798	0.24912173449029484	0.1754903765298337	0.12614269123790958	0.12687682619960516	0.1740893889416816	0.24021308316897477	0.3124342951421769	0.3866748681287643	0.4615298417983075	0.536452512560885	0.6112316371092603	0.6858010783266745	0.7601627181011397	0.8343518787884346	0.9084175665186512	0.9824203967540049	1.0564221129489706	1.1304817431783767	1.2046661605912883	1.2790288896677902	1.3536421506454468	1.4285427972248608	1.5038020777757162	1.5794741616982355	1.655588389083646	1.7322061583049897	1.8093778610493354	1.887152514331884	1.96556016816604	2.04463770257972	2.1244353575187507	2.2049912611602887	2.2863458559773284	2.3685344207354317	2.4515920308287615	2.5355589663831792	2.620466988494929	2.7063423575553816
1.6121391341352451	1.5140443146156146	1.3953439054747532	1.2553755984426644	1.1113703271122473	0.9746306092251521	0.8477750947013395	0.7300080048117688	0.6199906651306438	0.5166568746487631	0.4194042935455086	0.32828824576671395	0.2446527665277511	0.17331824161013706	0.12908557249436148	0.13565946306010931	0.1849410150705427	0.25142963709226385	0.32368354859049275	0.397912748714526	0.472765186372173	0.5476995842566457	0.6225034126468454	0.6971077738749547	0.7715133283065347	0.8457530726446092	0.9198756860523665	0.9939406362552036	1.0680107856369017	1.142145545301843	1.2164101042014062	1.2908604184806554	1.3655693514736442	1.4405730755395054	1.5159454671684682	1.5917394355998966	1.6679855379737618	1.7447455270330054	1.8220718946280379	1.9000137040833864	1.9786019167743751	2.0578735659863265	2.1378805234133647	2.2186612382018103	2.300257486714918	2.3827042435546435	2.466038495723381	2.550301251715801	2.6355235695721415	2.7217339330837187
1.6121391341352451	1.5139116202205498	1.3947310793602972	1.2538060094860644	1.1086843727605664	0.9709895352076305	0.8434160628128471	0.7251385972402408	0.614789014030681	0.5113003328812067	0.41411113064061394	0.32339430184660495	0.24079587472903569	0.1719129343259188	0.13273177900641442	0.14435257296105952	0.1953130447524586	0.2620957181040657	0.3343655202392025	0.40857337242403446	0.4834127538692438	0.5583482781020292	0.6331655948113376	0.7077935125940376	0.7822315418249335	0.8565106265430676	0.9306788897528836	1.004794846208083	1.0789223182559662	1.153121056550718	1.2274546215664832	1.301982081841171	1.3767745156860947	1.451869720040851	1.5273432487210343	1.6032470686018703	1.6796125328695128	1.756501366402405	1.8339690805719777	1.9120642598399267	1.9908187614381818	2.0702693654974516	2.1504702241022557	2.2314595479277526	2.3132803072718198	2.3959672604896753	2.4795600624235434	2.5640991838229064	2.649615659408271	2.7361403311417023
1.6121391341352451	1.5137873452203057	1.3941526218782658	1.2523153531681155	1.1061280505424331	0.967528035809067	0.8392838748333216	0.7205405093499819	0.6099015177740523	0.5063014970549067	0.4092242062864063	0.3189685424651204	0.23749879860357423	0.1711890489782793	0.13690939319492462	0.15288290725939235	0.205224988483372	0.2722465203525416	0.344518760956754	0.41869718719937893	0.493514725775299	0.568442070962022	0.6432633852203413	0.7179054642744241	0.7923661576288575	0.8666749454781897	0.9408791835200692	1.015036482648595	1.0892116419616937	1.1634647540658491	1.2378577137367783	1.312452575828597	1.3873185922853883	1.4624951281925427	1.5380593083078038	1.614062303154723	1.6905360524474822	1.7675422287834397	1.8451394154179155	1.9233755149922778	2.0022836155739197	2.0818997925825933	2.162280320256768	2.2434637558169777	2.3254932876693837	2.4084048098782356	2.4922392323732954	2.5770372296947395	2.662829711324535	2.7496496094006004
1.6121391341352451	1.5136707417544513	1.3936057495222154	1.2508977319224233	1.1036920119273925	0.9642331963764177	0.8353620039921791	0.7161935878994351	0.6053043424692541	0.5016326571699224	0.40471140769039204	0.31497302011454836	0.23471280798472127	0.17106509863608488	0.1414756343896	0.16120564679976276	0.2146987673870462	0.28191528019065465	0.3541789962164303	0.428321255514082	0.5031100371808375	0.5780211685363863	0.6528383982958552	0.7274863759883299	0.8019614819571774	0.8762913478812316	0.9505232842254677	1.0247135600784154	1.0989281757006306	1.1732273969996811	1.2476712455575993	1.3223249211652834	1.3972558124744205	1.4725047924801555	1.5481505029538936	1.6242432962502655	1.7008156429389185	1.7779287458394681	1.8556445251257716	1.934010645982354	2.013060715002923	2.0928307356008213	2.1733784122577537	2.2547422447703918	2.3369671651034305	2.4200885461457933	2.504149431932697	2.58919043244759	2.675242213381345	2.762339436470003
1.6121391341352451	1.5135611482531164	1.393087975326708	1.2495478372089324	1.1013678122375516	0.9610933329853723	0.8316354896934207	0.7120795864059732	0.600975904341397	0.49726869683770114	0.4005435492582511	0.3113729944098036	0.2323924876523212	0.17146449777067377	0.14631484674916045	0.16929470564505955	0.22375711422486158	0.2911331026420951	0.36337922401281947	0.4374799305276397	0.5122338688123647	0.5871222052518861	0.6619283961104877	0.7365751444523715	0.8110572337486087	0.8854007111603879	0.9596533132458044	1.0338694893704892	1.1081162589859932	1.182454197547169	1.256941581942174	1.3316466017677384	1.4066347597295965	1.481948370775123	1.5576675551621957	1.6338418250346456	1.7105035893051004	1.7877147444366506	1.865539782142871	1.9440262736197733	2.0232080606642975	2.103121068679436	2.183824279738843	2.2653568032180678	2.3477644156257393	2.4310824658975925	2.5153560301650404	2.6006253379547544	2.6869206891888733	2.7742795781878065
1.6121391341352451	1.5134579773041796	1.3925970699536352	1.2482608761419818	1.0991478012568523	0.9580978461791809	0.8280907538280955	0.7081819438688074	0.5968966115003925	0.49318680060467207	0.3966940533499375	0.30813661453205954	0.23049556368456575	0.172316306388139	0.15133505409071688	0.17713638436258905	0.23242264322546985	0.2999289369212716	0.37214986614457213	0.4462040999334979	0.5209184275869219	0.5957782213803103	0.6705674089537798	0.7452069814639721	0.8196894101815217	0.8940403729023549	0.9683074603766979	1.042543182432408	1.1168157464105455	1.1911860032530823	1.2657105503526318	1.3404603706172065	1.4154991054840413	1.490870462947755	1.566656002191219	1.642904377244328	1.7196475647327776	1.796948956680479	1.87487518469729	1.9534725708106826	2.032777063124754	2.1128233925449638	2.193671417144758	2.275362126542235	2.3579409369416804	2.4414439023984715	2.525917135429524	2.6114010669368097	2.697926375267752	2.7855321765463636
1.6121391341352451	1.5133607055197775	1.392131028831886	1.2470325090642014	1.0970250297263728	0.955237095555133	0.8247154428555903	0.7044855941122836	0.5930486409807584	0.4893662007057065	0.39313867343084935	0.3052346439140829	0.22898275611786542	0.17355569573860452	0.15646410834266436	0.18472519054565448	0.2407173169202627	0.30832963527431173	0.38051894375446743	0.4545227187810044	0.5291929625313079	0.6040195239936693	0.6787866153449291	0.7534136696176598	0.8278909811507124	0.9022441546839499	0.9765201407622373	1.0507699006444442	1.1250627673323386	1.1994596910530546	1.274015862481682	1.348804726650859	1.4238881620523833	1.499311204445052	1.5751567871497851	1.6514727159085343	1.7282904985520984	1.8056750177527114	1.8836948593476357	1.962395119175434	2.0418139561402144	2.1219843287616125	2.2029681607207503	2.284807135353523	2.367546865618612	2.4512237726269412	2.5358846247610836	2.621571264002806	2.7083136158801735	2.7961527262413837
1.6121391341352451	1.5132688650228836	1.391688044234638	1.2458587961075076	1.0949931689957628	0.9525022916843433	0.8214982914058728	0.7009768007844852	0.5894157454230079	0.4857879569872495	0.38985525284087785	0.3026402196835904	0.22781764628483978	0.17512414090919212	0.16164601589211272	0.19206106204919726	0.24866215250448337	0.3163600563917765	0.38851226006680956	0.46246240272610173	0.5370844400908409	0.6118740810575493	0.6866145242943535	0.7612244117335655	0.8356918974386548	0.9100425717914359	0.9843226341008895	1.0585816834813937	1.1328900676199125	1.2073088023115344	1.2818916647891634	1.3567145110814818	1.4318374198225392	1.5073067532893267	1.583206800800214	1.659584457809579	1.7364701824611453	1.813931748422421	1.8920384433178794	1.9708348248761913	2.050360000719311	2.1306466006203593	2.211757587216222	2.2937359891118287	2.376627065550031	2.4604674826806874	2.5453056441073207	2.631183696120712	2.718131133426001	2.8061907335412766
1.6121391341352451	1.5131820362622792	1.3912664814588207	1.2447361512649933	1.093046441689784	0.9498854026097376	0.8184290040078497	0.6976430140129378	0.5859830847919165	0.48243476492255644	0.38682351367953177	0.3003286409602435	0.2269665506612571	0.17696937588338155	0.166837710442944	0.19914750464223047	0.2562770742175393	0.32404319039028373	0.3961535804757307	0.47004733860764536	0.5446180709290983	0.6193671106692731	0.6940771804293077	0.7686657798092382	0.84311954359612	0.917463417385022	0.9917433298935924	1.066007609970149	1.1403272704495289	1.2147635362035818	1.2893687558768923	1.3642211458826172	1.439378992810524	1.5148898508645319	1.5908393570981199	1.6672736134014532	1.7442216771446533	1.8217546103667386	1.8999418370401115	1.9788280760979868	2.058452230339002	2.1388482522400336	2.220078654873084	2.3021882923954284	2.385221548979967	2.4692166309605943	2.5542222770631016	2.640281259813292	2.7274225555725202	2.815691241786137
1.6121391341352451	1.5130998419158037	1.3908648584160452	1.2436613027836567	1.0911795616733084	0.9473790726378969	0.8154981521574806	0.6944727454169696	0.5827370793906665	0.4792907875169266	0.3840248712883373	0.2982771811966351	0.22639839591319633	0.17904516188639902	0.17200635116432952	0.2059903319223891	0.2635808550678435	0.3314002917264132	0.40346491441797555	0.4772995952406066	0.5518164332344261	0.6265220762611291	0.7011982650805451	0.7757621400101369	0.8501986150721338	0.924532144105416	0.9988080116541723	1.0730741003792372	1.1474013542361903	1.2218514089446253	1.2964751768138585	1.3713531810806872	1.4465419219635487	1.5220901320769769	1.5980846419922201	1.6745707314308647	1.7515765616570036	1.8291754976454466	1.9074377112550327	1.986407982667281	2.066124871634993	2.14662356084443	2.2279664350990465	2.310199424967457	2.3933671904147804	2.477508410436864	2.5626723722000158	2.6489025559287307	2.7362277221687195	2.824694704872174
1.6121391341352451	1.5130219416918829	1.3904818280472555	1.2426312587826742	1.0893876817817747	0.9449765514992717	0.8126970843600257	0.6914554587027341	0.5796652809818036	0.47634150759498023	0.3814422705898049	0.2964649207324014	0.2260845921415942	0.18131092325013137	0.177127126294718	0.21259680645207024	0.27059111293939103	0.33845101203946504	0.41046666083173233	0.484239682899734	0.5587005032154237	0.6333601380702031	0.7079996293012215	0.7825359418663869	0.8569518931871912	0.9312720061854382	1.0055405912893978	1.07980530500866	1.1541369288591576	1.2285974839502007	1.303236444214866	1.3781365869418225	1.4533526458150363	1.528934463316336	1.6049700941534173	1.6815033926816847	1.7585627144262226	1.8362231133541473	1.9145554566953837	1.9936041036697048	2.0734084046450234	2.1540037503089224	2.235452492236715	2.3178019530371055	2.401096887958642	2.4853763512124947	2.5706901822573713	2.6570828155865183	2.744582401293454	2.833237651639479
1.6121391341352451	1.5129480279029328	1.390116163184509	1.241643277456248	1.0876663482914253	0.9426716324428654	0.8100178473475758	0.6885814736776841	0.5767562595148625	0.4735735976714997	0.37906004122811826	0.2948725965426892	0.22599890314170795	0.18373130071268529	0.18218150001067768	0.2189750512645886	0.27732433924994554	0.34521352835512586	0.4171772920162885	0.4908868540638426	0.5652896581800123	0.6399011731002427	0.7145012999931725	0.7890073540233992	0.8634002913758836	0.9377041961367263	1.0119627449484403	1.0862233582781304	1.1605564569420828	1.2350246222985213	1.3096758265048738	1.3845949174146848	1.4598352353856978	1.5354473304901288	1.6115205565492943	1.688097334530162	1.765206170578082	1.8429236830173577	1.921321820006392	2.0004439994586654	2.0803304656507655	2.161017021043432	2.242565388278533	2.325025264598137	2.408440287000354	2.492850854543188	2.578306961200504	2.664853770907602	2.7525189956899996	2.841353185375258
1.6121391341352451	1.5128778216209575	1.3897667433437417	1.2406948409443541	1.0860114609487583	0.940458597823289	0.8074531167399608	0.6858418816755827	0.5739995031743625	0.4709748048437056	0.3768637688770305	0.29348246660461735	0.22611731365753296	0.18627566357521216	0.18715582862993496	0.2251336455574387	0.2837959463799575	0.351704664197492	0.4236140029932273	0.49725844282250903	0.5716018249882161	0.6461630699325982	0.7207218423319149	0.7951952174704596	0.8695628914149773	0.9438482181893949	1.0180944058875485	1.0923488689434608	1.1666806321883787	1.2411538061879908	1.315814571822435	1.3907499018264828	1.4660116580831577	1.5416510632938598	1.617758728820504	1.694375088845684	1.7715304597325838	1.8493012227460823	1.9277609419909694	2.0069523903596953	2.086916319342489	2.167688751837731	2.249331525964651	2.3318959631604965	2.4154246146942198	2.4999597430044433	2.585550996094008	2.6722442365867796	2.7600669268425344	2.8490710499290377
1.6121391341352451	1.51281106940213	1.389432543315324	1.239783632580676	1.0844192379549504	0.9383321712671252	0.8049961359623932	0.6832284709064015	0.571385330018052	0.46853384881721255	0.3748401806106593	0.2922781869754947	0.2264178945487113	0.18891761251595549	0.1920402754483564	0.23108134710430253	0.2900203251574508	0.3579400024368897	0.42979270534512237	0.503370848246152	0.5776532775849716	0.6521625234993729	0.7266782241800022	0.8011169234591277	0.8754572961712238	0.9497221043033575	1.0239537967510726	1.098199907802388	1.1725281620874022	1.2470041628593203	1.3216722327039057	1.3966213010293793	1.4719019989143027	1.5475660618765863	1.6237053389717742	1.7003585397566103	1.7775569846034396	1.8553772637804709	1.933894865772632	2.0131517106840864	2.0931888644003043	2.1740423472365156	2.255774672329295	2.3384380865954837	2.422074738422215	2.5067281922911815	2.5924479209120697	2.6792802420912656	2.7672525207785172	2.8564187323808996
1.6121391341352451	1.5127475404326514	1.389112623146668	1.2389075168019053	1.0828861850188947	0.9362874753624895	0.8026406621482114	0.6807336603084447	0.5689048095728555	0.46624033119667213	0.37297704243951185	0.29124469986244306	0.22688066712481036	0.19163449557886691	0.19682796265994665	0.23682690260863384	0.2960109068846471	0.3639339895076888	0.43572820247751226	0.5092389395080571	0.5834590754240498	0.6579149339799503	0.7323862212846142	0.8067883874392713	0.8810998033065881	0.9553422717728505	1.0295575923078886	1.103793486550748	1.1781163337466452	1.252593196706786	1.3272665830934431	1.4022272624808592	1.4775246410959832	1.55321100072399	1.6293793494582043	1.7060666391922086	1.7833047411888912	1.8611719699646485	1.939744037484592	2.0190626137635888	2.0991688541262485	2.1800992620112343	2.2619166670900226	2.3446738759904022	2.4284131662077546	2.513179156595341	2.599021029880646	2.685985291499057	2.7741005978351545	2.863421322483912
1.6121391341352451	1.5126870240537278	1.3888061193979928	1.2380645215128963	1.081409068060539	0.934319994233415	0.8003809182177383	0.6783504408352602	0.566549693150291	0.4640846546944425	0.3712630675393674	0.2903681314210027	0.2274874682060632	0.19440695206787262	0.20151430945659352	0.24237891951315474	0.3017802264144491	0.3697000310472991	0.44143395183440287	0.5148764406978081	0.5890333252027179	0.6634344926819548	0.7378601589355374	0.8122243336820314	0.8865053846042612	0.96072386553534	1.0349212282117055	1.1091452794608865	1.183461058029931	1.2579370555288656	1.3326139755319089	1.4075844625860088	1.4828964568067524	1.5586030052023787	1.6347981503010334	1.7115168383325492	1.7887921308720676	1.866703457038971	1.9453267824872653	2.0247039039105212	2.1048755668649317	2.185878956296937	2.2677770576874705	2.3506235334559267	2.4344604622627384	2.519333489017397	2.60529151164731	2.692381792251914	2.7806336188444196	2.870101595540626
1.6121391341352451	1.512629327605122	1.38851223745213	1.2372528224786397	1.0799848890009398	0.9324255402920579	0.7982115502354286	0.6760723231904223	0.5643123517311268	0.4620579509504828	0.36968783382148024	0.28963569815845525	0.2282218173983606	0.1972184928513748	0.20609651545362312	0.24774578101289932	0.3073399841288875	0.3752505793102406	0.4469226670078456	0.5202960314583057	0.5943891201160743	0.6687345649263142	0.743113415102281	0.8174384804798108	0.8916877599118335	0.9658809181524443	1.0400589591202725	1.1142697476120391	1.1885770013551742	1.263050605217336	1.3377294882312278	1.4127081070440017	1.4880329533519758	1.563757800763568	1.6399777573505827	1.7167255994042632	1.794035664533756	1.8719882298736443	1.950660070138437	2.030092713970218	2.11032652488423	2.191399157295997	2.2733740858180633	2.356305530808225	2.4402354092392122	2.525210177646142	2.6112792515177126	2.6984897189282755	2.7868719411431675	2.8764803942667947
1.6121391341352451	1.5125742745391868	1.3882302447358466	1.2364707294922506	1.078610864244549	0.9306002246405375	0.7961275894219563	0.6738932911957092	0.5621857204854259	0.4601520159207007	0.36824170973083087	0.28903562103153546	0.22906878794789254	0.20005512103330944	0.2105731571898955	0.25293559154584583	0.31270110554435415	0.38059721287478177	0.4522063157628282	0.5255095861099017	0.5995383776939909	0.6738273077578221	0.7481583971688279	0.8224433791596701	0.8966597135449558	0.9708264051420964	1.0449839366406246	1.1191802155467767	1.1934776822209594	1.2679475649474186	1.3426270159342344	1.4176122796081225	1.4929484841795027	1.5686898603076909	1.6449325307439076	1.7217077655309887	1.7990504788649921	1.8770418806522133	1.9557596241069322	2.0352446833405753	2.115537803794196	2.1966762495895633	2.2787243864121085	2.361736804691629	2.4457549321312655	2.5308271821736077	2.6170021929345673	2.704327385142163	2.7928341546437014	2.882576824432767
1.6121391341352451	1.5125217027694335	1.3879594647465283	1.2357166741211134	1.07728440553387	0.9288404306710563	0.7941244182079843	0.6718077600913712	0.5601632491080457	0.45835925191492566	0.36691578731627883	0.2885570464840051	0.23001488234742096	0.20290499376227275	0.21494387255258762	0.25795614382565524	0.31787379781101816	0.38575070916620985	0.4572958546252508	0.5305285146434386	0.6044922103191571	0.6787240833865799	0.7530066344569187	0.8272506419970123	0.9014331002207638	0.9755723605564451	1.0497083507523792	1.1238890641802282	1.1981755974989543	1.272640588046321	1.3473193833202322	1.4223099738299674	1.4976561509782416	1.5734125220678117	1.649675942447202	1.7264767683243232	1.8038506524539162	1.8818786627405453	1.9606397608515194	2.0401746173791993	2.120524105008103	2.201725313654788	2.283843244442166	2.3669326136018936	2.451035245023649	2.536200598630493	2.6224768116804666	2.709911608429868	2.7985374330992703	2.888408406662442
1.6121391341352451	1.5124714632117284	1.3876992717305012	1.234989198719403	1.0760031027900154	0.9271427904061154	0.7921977398036972	0.6698105391380421	0.5582388572306535	0.45667261546308946	0.3657018217059411	0.2881899737445218	0.23104791359119375	0.2057581238486395	0.21920911358786876	0.2628149011022082	0.3228676027594007	0.39072111043471724	0.4622011636346981	0.5353629719841404	0.6092610429282314	0.6834354607569726	0.7576689813025987	0.8318711191648908	0.906018924954863	0.9801298769116169	1.0542434413552881	1.1284076625487554	1.2026823518422303	1.2771413796639577	1.3518184580536108	1.4268131944835392	1.5021680909052002	1.5779380962198686	1.6542205718325411	1.7310452579376987	1.8084486878839923	1.8865114368381655	1.9653135052040918	2.0448959050350357	2.125299050772878	2.206560175468304	2.288744643148852	2.371907474089938	2.4560909274330602	2.5413452865970827	2.627718261638356	2.7152578565252043	2.8039974266683214	2.8939910417761427
1.6121391341352451	1.512423418522314	1.3874490860153503	1.2342869467288684	1.074764708846463	0.9255041633594244	0.7903435509578762	0.6678967980816668	0.5564068943949835	0.4550855704083472	0.3645921763514065	0.2879251878901431	0.2321568927960274	0.20860611863360887	0.22336995258025077	0.2675189901073051	0.32769144632586816	0.3955177836760477	0.4669318993409744	0.5400225219538547	0.6138547089571448	0.687971255809214	0.7621552184626151	0.8363149146347336	0.9104273564023494	0.9845092834446135	1.0585996684495642	1.1327465989571617	1.2070086138674903	1.2814607998869305	1.3561352037710752	1.431133046537528	1.5064955444564732	1.5822779627815167	1.6585782775787248	1.7354251820736377	1.8128563080706577	1.890952188458225	1.9697930006806792	2.0494208795141193	2.129875237986755	2.2111935808263268	2.293441324579699	2.376674668834886	2.4609354112958766	2.546274933496511	2.6327404892371895	2.7203801622046555	2.809228696576318	2.8993398556059353
1.6121391341352451	1.5123774419377674	1.3872083697719915	1.2336086538752775	1.0735671256461876	0.9239216174632926	0.7885581173813093	0.6660620369167475	0.5546621039507381	0.4535920455349288	0.36357977330972474	0.2877541981035981	0.2333319235689483	0.21144195285775744	0.22742792972423492	0.27207520149964515	0.3323536844394938	0.4001494751272763	0.47149700493385244	0.5445161647103093	0.6182824443167766	0.692340624778826	0.7664746096337491	0.8405913786219048	0.9146678835320313	0.9887201832093946	1.062786784545155	1.136915703790645	1.2111643282659057	1.285608923714081	1.3602797929546555	1.4352798198291878	1.5106489233976361	1.586442664539411	1.6627593074196636	1.7396275021652559	1.817084657203071	1.8952120028920045	1.974089671823456	2.053760876092661	2.1342642537033347	2.215637153752447	2.297945546475524	2.3812463717459864	2.465581092346382	2.5510021436814023	2.6375561635350238	2.7252918407924387	2.814244794902736	2.90446856903481
