1.6121391341352451	1.5066397116137524	1.3563695888672642	1.1267067379782079	0.8603967696697253	0.9495514191293211	1.8261315881428126	100.0	100.0	100.0	100.0	100.0	100.0	100.0	100.0	100.0	100.0	100.0	100.0	100.0	100.0	100.0	100.0	100.0	100.0	100.0	100.0	100.0	100.0	100.0	100.0	100.0	100.0	100.0	100.0	100.0	100.0	100.0	100.0	100.0	100.0	100.0	100.0	100.0	100.0	100.0	100.0	100.0	100.0	100.0
1.6121391341352451	1.507365778305055	1.361010945912804	1.1464683327151954	0.8966149045104576	0.761822018351424	0.8986457447622075	1.1982717403068712	1.5235263591149018	1.8311308332455571	2.117526918593449	2.3901862845731636	2.6588444631437236	2.933365119704634	3.223709671340204	3.540518432480782	3.8962216277490063	4.3065872008158985	4.793146488899547	5.387193131206934	6.136540277521667	100.0	100.0	100.0	100.0	100.0	100.0	100.0	100.0	100.0	100.0	100.0	100.0	100.0	100.0	100.0	100.0	100.0	100.0	100.0	100.0	100.0	100.0	100.0	100.0	100.0	100.0	100.0	100.0	100.0
1.6121391341352451	1.5080739383968973	1.3653256583240185	1.1632701834125188	0.9312030589469529	0.7498308178661249	0.6989929714183769	0.7749131734588656	0.9154103816449997	1.0781330829776383	1.2470911965092593	1.4178494546883966	1.5899003963325757	1.7639470048034291	1.9410212571682053	2.122238675927537	2.3086838528344065	2.501437515291874	2.7015926016280916	2.910269259848383	3.128627875861733	3.3578760276696973	3.5992727287456194	3.8541133602423914	4.123713959572462	4.409365581949583	4.712264626025965	5.033416490033731	5.373446281217897	5.73248874819804	6.110073375924759	6.5053744205530535	6.917975614986115	100.0	100.0	100.0	100.0	100.0	100.0	100.0	100.0	100.0	100.0	100.0	100.0	100.0	100.0	100.0	100.0	100.0
1.6121391341352451	1.5087649982804814	1.369354667243725	1.1778517000167255	0.9614379661139425	0.7723444384403616	0.6531439976160849	0.6190861646939927	0.6571955065144057	0.7416302238486691	0.8516469082855674	0.9754925878808339	1.1072929505176634	1.2442056358962816	1.384884907581726	1.5287456767342775	1.6756210329352363	1.8255478951098847	1.9787010770626423	2.1353417903272547	2.2957880345602715	2.4603966628672937	2.6295527763075843	2.8036617439239917	2.9831419024110746	3.168419363602008	3.3599233648669347	3.5580806096942306	3.763293729259294	3.975954210786408	4.196386099574778	4.424890755833549	4.661646822688519	4.906748266969768	5.16014071044783	5.42154274155274	5.690507397806182	5.966370834086612	6.248357277299934	6.535627305142495	6.82755768875782	7.123966213743171	7.425147073003639	100.0	100.0	100.0	100.0	100.0	100.0	100.0
1.6121391341352451	1.5094397111756288	1.373131675391531	1.1907068005753059	0.987667070637041	0.8018163749332864	0.6577911167472719	0.5673507139138116	0.5354161406548008	0.557668660358043	0.6206444302782766	0.709633452123493	0.8141053579291466	0.9278129573202044	1.0472914242717335	1.170658359096398	1.2969160189676465	1.4255660851438248	1.55638050029156	1.6893071774310267	1.8243996872817443	1.9617795925402277	2.1016103836730684	2.2440855584416477	2.3894154490629833	2.5378218343291823	2.6895357905504906	2.8447903561382866	3.003812122103403	3.1668401252355753	3.334086643980773	3.505772071823973	3.682078617100071	3.863196469296264	4.049290560108265	4.240458392780036	4.436788203416227	4.638302791379945	4.844976920432483	5.056660245995733	5.2731396785961495	5.494099986359943	5.719126695224811	5.947710830471057	6.179298102260557	6.413341089225959	6.649365442786709	6.8870496787275215	7.126315771748654	7.367252796235248
1.6121391341352451	1.510098781729894	1.3766847649468263	1.202181774712971	1.0105830260696287	0.831224520117101	0.6796970976482669	0.5626364203549571	0.4863325147154439	0.45740014726119665	0.47593199659517377	0.5321422342932494	0.613007933909113	0.7085607637070801	0.8127436190543186	0.922163774685947	1.0349606778623968	1.150135954840326	1.2671561269139382	1.3857574242270512	1.5058406162042586	1.6274046149233279	1.7505105990495724	1.8752575337402937	2.001769399961933	2.130185116906841	2.2606533413068837	2.393329054549831	2.528361935426985	2.6659188540768155	2.806144690336528	2.949204047718554	3.0952268824199205	3.2443601395979274	3.396748780059278	3.5524976526611556	3.7117276813278584	3.8745344483520316	4.04100745687111	4.211182904192744	4.385082340969421	4.562699007274058	4.743982925962817	4.928833859792071	5.117095845393168	5.308561053304609	5.502953915549699	5.699940073242514	5.899157048374837	6.100190505853689
1.6121391341352451	1.5107428701279386	1.3800375857003369	1.212528797868598	1.030801725762305	0.8586790713459349	0.7068360809015594	0.5786195545212569	0.47770891246406194	0.41142804655430615	0.3884464651310004	0.4101721179827262	0.46689534311173536	0.5457107974953018	0.6372021059608048	0.735898828031634	0.8388340693396953	0.9444182757695028	1.0518104466950933	1.1605593608848128	1.2704456370674775	1.3813862452685768	1.493377991896775	1.6064662386944968	1.7207280667231684	1.8362586050447511	1.9531647494576696	2.071560462026187	2.1915578533269895	2.313283519125352	2.43684636098615	2.5623753427624285	2.689970604369306	2.8197511862672107	2.9518299152010212	3.086293808938764	3.223251030228125	3.3627926228853635	3.5050136795020355	3.6499783341807395	3.7977424904583876	3.948363523898946	4.101874588851164	4.258292471296055	4.417607467781396	4.579791012937269	4.744778970791538	4.9124732462198475	5.082750547266954	5.2554342276235415
1.6121391341352451	1.5113725957745583	1.3832102439351999	1.2219372006867917	1.0488131620280075	0.8837931092887649	0.7346670373300486	0.602970716408729	0.4901308774728235	0.4007063419206679	0.3438363063887516	0.32975862090785824	0.3590624895033517	0.4200698232390983	0.4996438186190753	0.5892831713982821	0.6844181620070714	0.7826848823095873	0.8828630943369652	0.9843148793331536	1.0867115085725063	1.1899023730258418	1.2938391262860116	1.3985334317329896	1.504032638988411	1.610406383009186	1.7177372781333593	1.82611479781211	1.9356316607095942	2.046388914346802	2.1584740188031475	2.2719952569634563	2.387031487748017	2.503684740854775	2.622050912422515	2.742195571454335	2.8642137392926794	2.9881854022852177	3.114195478968854	3.2423086592132355	3.372580906341845	3.505079591329804	3.6398542616811485	3.7769505813326694	3.9163990063986645	4.0582211622804945	4.202425499229486	4.349000889180318	4.49792493029671	4.649149391991715
1.6121391341352451	1.5119885405996594	1.3862199783995741	1.2305527399126472	1.0649987953491644	0.90664700758279	0.7614705707865618	0.6300439402597607	0.5124641714265961	0.4107756493774619	0.33094461740140685	0.2843016135080891	0.28214317742466344	0.3218636690279286	0.3887277437121475	0.46997847386415836	0.5585497633812808	0.6509546779452074	0.7454765956486286	0.8412626808062419	0.9378752305844206	1.0351058535549484	1.1328709629790588	1.2311591919457465	1.3299989069197156	1.429444086892015	1.529562994137146	1.6304287777880424	1.732124623296083	1.8347340605349647	1.9383310227840183	2.0430093163118093	2.148838886260625	2.255903871880845	2.3642898194434907	2.474053746367112	2.5852737911530816	2.6980210795586577	2.812369804024387	2.928381879774488	3.0461064365271158	3.165607941123999	3.2869385723445226	3.4101471051759282	3.5352758695348556	3.662359426284363	3.7914297493626457	3.922505793061471	4.055600266631053	4.190716348589575
1.6121391341352451	1.5125912520362175	1.389081681942916	1.2384900043138676	1.0796562578574824	0.9274563247267059	0.7866472472689446	0.6572950838756072	0.5388138196773405	0.4317040817273039	0.33891689529715324	0.26817519383857236	0.23373778014325228	0.24662851774512437	0.29804546723718767	0.3706509580792883	0.45334389640692474	0.5408669771860738	0.6308132826318251	0.722054868666424	0.8140442652095584	0.9065179628070844	0.9993663107374302	1.0925609038105426	1.1861200332841975	1.2800873040759473	1.3745218123515692	1.4694890582971214	1.5650637034386892	1.6613181230220948	1.7583208252922544	1.8561514475790388	1.9548775144086512	2.0545684860246265	2.1553007494482523	2.2571294261529156	2.3601209555805065	2.4643356061014674	2.5698400979108533	2.6766935483419863	2.784936528092711	2.8946294188731643	3.0058228392780424	3.118562109386852	3.232892239742683	3.348850332653446	3.466474411872744	3.585793749190953	3.706835192503886	3.8296180714807107
1.6121391341352451	1.5131812457038691	1.3918083093634608	1.2458406968014837	1.0930200614838903	0.9464589603522422	0.8100568391673728	0.6836101626189008	0.5662146142665506	0.45755648138520044	0.3587035453979139	0.2736215824065364	0.21260668397324353	0.1938055371258098	0.22432791203517471	0.2867666295104992	0.3637747873678894	0.4470805241096872	0.5332339638131478	0.6207441670186742	0.7089415195428512	0.797512651491395	0.8863262683312613	0.9753443039454631	1.06457950838171	1.1540706339769213	1.2438714875668189	1.3340441015550881	1.4246558380937233	1.515772693992407	1.607461400723727	1.6997891428693084	1.7928238945304478	1.8866233183361083	1.9812570555636864	2.0767790440831715	2.1732464464625654	2.270715026542524	2.3692412486783394	2.4688828335856687	2.569672813968353	2.671668540861092	2.7749161968174847	2.8794583119974755	2.9853381476983283	3.09259286580967	3.201259072140842	3.311370851553001	3.422959117395292	3.5360483627459254
1.6121391341352451	1.5137590078375736	1.394411200077361	1.2526793361486075	1.1052772149284924	0.9638773229646449	0.8317472664113306	0.7085409578600225	0.5932266678686517	0.48509918028156274	0.38423130513353954	0.29222639013876994	0.21442342765360276	0.16537641101480005	0.1671390787364634	0.21564996583971532	0.28652796201763975	0.3660243715090126	0.44896298152987213	0.5333518926629812	0.6183725271405504	0.7036669491427042	0.7890888105960876	0.8745959611599214	0.9601984377901037	1.0459347237469008	1.1318564682517744	1.2180239428612916	1.3045001271083887	1.3913462507620977	1.478629454186177	1.5664075764118846	1.6547469395575964	1.7436989891650747	1.8333270299314448	1.9236854270339794	2.014821466926265	2.1067900494182776	2.199639770513264	2.2934261487659575	2.388175943100767	2.4839435679572324	2.5807704329110672	2.6786978439680635	2.7777645617364786	2.8780077261524055	2.979460788425763	3.0821591078060617	3.18613457555334	3.291412002431231
1.6121391341352451	1.514324997485984	1.3969003361615973	1.2590672870471835	1.1165786793803913	0.9799075744223616	0.8518387080481243	0.7319519294218795	0.6191842872457162	0.5126625772626838	0.41197935576944694	0.3175236332162826	0.23149575953630253	0.16149814990544886	0.12948463805120877	0.1563355948354224	0.21944968612667964	0.29525698799466316	0.37539652740579255	0.4571226341193223	0.5394259699758851	0.6219099468738748	0.7044172867248127	0.7869064988425788	0.8693892640263698	0.951905220381757	1.0345067084854687	1.1172526030787697	1.2002043071693875	1.2834203466039735	1.36696574947332	1.45089448276169	1.5352695367321174	1.620138921806874	1.705560218743202	1.791588895446444	1.8782638081861793	1.9656374345798842	2.053756194250156	2.1426711567213066	2.23240515684356	2.3230077400437033	2.4145185892922347	2.5069762250078074	2.6004154853821086	2.6948727592580966	2.7903790200493215	2.8869685310776925	2.984672131995213	3.0835157037886445
1.6121391341352451	1.5148796485084863	1.3992845507341487	1.2650556743556631	1.1270477484792356	0.9947187409309234	0.8704729416048822	0.753853468070617	0.6438128124511371	0.5394230179895043	0.4400641070213788	0.34556052481127847	0.2565836077677369	0.17619469626054415	0.11644061861272763	0.1104668848507048	0.16139132930349548	0.23314160145417911	0.31072395860363633	0.390108842161196	0.4700300638011975	0.550044962581549	0.6299916206009325	0.709830772133053	0.7895789614226643	0.8692777220203194	0.9489808839917206	1.028747298902066	1.1086375901563033	1.1887078370458293	1.2690217572706035	1.349630455881485	1.4305942202873339	1.511958144399045	1.5937762357332972	1.6761019172623393	1.758970205963634	1.8424305111963564	1.9265252133214323	2.0113066637153576	2.0967912529919044	2.1830248148321942	2.2700453626190624	2.3578879966016646	2.446586031841775	2.5361733383295	2.6266798866015875	2.718135918793025	2.8105729544888676	2.9040168315200665
1.6121391341352451	1.5154233713898555	1.4015716977441106	1.2706875329770255	1.136786219598638	1.0084551987670096	0.8877913126860363	0.7743213986162892	0.6670345276101521	0.5650034533385507	0.467528613103774	0.37419265030854604	0.285006886133648	0.20098602525693665	0.126820125356947	0.0845531570506143	0.11260726467438223	0.1787444826169138	0.25373383788490816	0.3309432618468183	0.40869492813585967	0.48647323230791856	0.5641109474027174	0.6415706520689279	0.7188720905468102	0.7960589409817352	0.8731862477764232	0.9503127409841284	1.0274979415398353	1.1047969511651936	1.1822710015798215	1.2599692577180919	1.3379494193365402	1.416254240768116	1.4949351328015834	1.5740424551766283	1.6536089943589574	1.7336812530430197	1.814298979159809	1.895511283958753	1.9773364832882665	2.059812577405461	2.1429761259445623	2.226860291955161	2.3114970165528024	2.3969165013934575	2.4831485481543276	2.5702201571287806	2.65816231653182	2.7470008103512433
1.6121391341352451	1.515956554895355	1.4037687914582233	1.2759994220323974	1.145878986317818	1.0212400379978808	0.9039256547483407	0.7934575469578985	0.6888694675200787	0.5892606635106139	0.4939160189547124	0.402328336229855	0.31424776252124365	0.229896901512321	0.15092577598114137	0.08611651158132627	0.07662657441708225	0.13201887984796767	0.20375515760993718	0.27871246658941967	0.3543584108537893	0.430022562673666	0.505511303733286	0.5807786085128319	0.655842512211344	0.7307465908872577	0.805544275345435	0.8802933979985341	0.9550505486704315	1.029871825842169	1.1048136101106452	1.1799236023153603	1.2552574211057839	1.3308548819817048	1.4067653541863232	1.4830364879214064	1.5596991246497207	1.6367970540268895	1.7143676356965147	1.7924563689792177	1.8710841369065734	1.9502828271808148	2.0300869839680376	2.1105278799748066	2.191635703465635	2.273438119748938	2.3559641180366158	2.4392386564938158	2.5232908209780183	2.6081460213397043
1.6121391341352451	1.51647956757952	1.4058821219252506	1.2810226559498945	1.1543974963723234	1.0331783657911988	0.9189951496506088	0.811370397207805	0.7093841076262489	0.6121727070706298	0.5190350958497458	0.4294434212481026	0.3430584866754748	0.2598219962826672	0.18035017660730326	0.10798572818785256	0.06354515955233839	0.09462101379714118	0.16074924036459523	0.23291144191517169	0.3062992002935621	0.3798423173578571	0.4532467885441507	0.5264323054070772	0.5994007762420202	0.6721878450967222	0.7448414389589002	0.8174152031624031	0.889961339405799	0.9625357672912815	1.0351895992850202	1.1079678384247142	1.1809245709511131	1.2540960349383985	1.3275300369377308	1.4012714329600833	1.4753487212022118	1.5498038296839085	1.624671658476402	1.6999943940780904	1.7757936402362433	1.8520994404914994	1.9289420945810403	2.006351367681348	2.084355281680237	2.162980833594521	2.2422547616511475	2.322200996840712	2.402845775514186	2.48421498387003
1.6121391341352451	1.5169927591672923	1.4079173512239656	1.285784256618448	1.162402386626899	1.0443602333528035	0.9331058919423105	0.8281657990612397	0.7286646080756336	0.6337790343260056	0.5428344941836464	0.45531255142109955	0.3708557263690893	0.28931853547602804	0.2109796198578093	0.13747532467397836	0.07753922177984604	0.07182936815561602	0.1256261569575968	0.19346946891039463	0.26409712418035103	0.33533902776540225	0.40661666343748076	0.47775294329349133	0.5487053311333262	0.6194858252421785	0.6901297163408755	0.7606807141501565	0.831185998797019	0.9016950615636729	0.9722556199270974	1.042908326218499	1.1137048420931082	1.1846785255695935	1.2558744153793366	1.327334940948314	1.3990859633646004	1.471167714393133	1.5436127680312701	1.6164601522437527	1.689732248837005	1.7634555267197367	1.8376602268330573	1.9123720232539396	1.987617947970888	2.063423968077782	2.139813647375869	2.216811953589851	2.29444106076254	2.372727514211093
1.6121391341352451	1.5174964618172746	1.4098795942172138	1.2903076991680433	1.1699455143907889	1.0548631183223713	0.9463516291675546	0.8439427773016879	0.7468028822769971	0.6541483673737255	0.5653353066277914	0.47986647850465836	0.3973936564825139	0.3177540794545687	0.2411147592997305	0.16851966030006568	0.10450114483841536	0.07087046645248808	0.10076840580681387	0.16084094229556015	0.22762176439917464	0.29613618510502315	0.3651132048977258	0.43414898627640813	0.5031021346023495	0.5719363962468671	0.6406599338193654	0.7092999611032006	0.7778932966775061	0.8464800067293611	0.9151014888160425	0.983796176868186	1.0526075704049735	1.1215709759381225	1.190723943489838	1.260107754499043	1.329745570968716	1.3996757459518434	1.4699286159284533	1.5405400967467628	1.6115332537353124	1.6829306873126801	1.7547628946574965	1.8270526901756428	1.8998251227816658	1.973104520609388	2.0469137510165294	2.121276046958148	2.1962120702539574	2.2717477572732303
1.6121391341352451	1.5179909912812268	1.4117734867182954	1.2946135028054058	1.1770715407993868	1.0647539881728538	0.9588149509125244	0.8587919424237127	0.7638894732557336	0.6733614092270653	0.5865946350866931	0.5031165395139037	0.4225971856757244	0.34487944688757194	0.2700903425481091	0.19901370166342316	0.13453170657664598	0.0880923409206223	0.08971213536458769	0.13609444954322633	0.19703873249513654	0.26205194917261804	0.32838948792699135	0.3951765855794038	0.46208292026025494	0.5289823651274325	0.5958347147166655	0.6626395343050003	0.7294153469224525	0.7961902526895135	0.8629955275684874	0.9298665027245426	0.9968367622747977	1.0639424689477246	1.1312136052558563	1.1986890364372074	1.266391266808757	1.3343542705417057	1.4026067740376278	1.4711816801864388	1.5401026496428423	1.6093884618722332	1.6790685430086167	1.7491660532060815	1.8197020296400674	1.890699574117958	1.9621809665200083	2.0341672917880604	2.1066789370201775	2.179739461199793
1.6121391341352451	1.5184766479686642	1.4136032433525918	1.2987197037760247	1.1838191779477183	1.0740910002499442	0.9705685834993396	0.8727952127278418	0.7800100852168842	0.6915015911441708	0.6066857852094006	0.5251143380173516	0.4464770100169667	0.3706278093530891	0.29767531942680003	0.22825571579272572	0.16443042797322116	0.11299590141220385	0.09358845327894397	0.1207208953148262	0.1727949844785584	0.2330822883988238	0.29623448263246255	0.36051346078555957	0.42525547841749434	0.4901818106849131	0.5551734686920828	0.6201855986726418	0.6852094081929813	0.7502551583114571	0.8153412685299504	0.8804953675031028	0.945742740902873	1.0111153807847435	1.076638355668044	1.1423456206687534	1.208260636416195	1.2744109651840734	1.3408242040848157	1.4075301260243862	1.4745528374901669	1.5419073086899477	1.6096219068856397	1.6777188697760153	1.746218186531036	1.815140148592021	1.8845060934643783	1.954335495838105	2.0246482966387687	2.095466147730258
1.6121391341352451	1.5189537179263621	1.4153727069369468	1.3026422375852722	1.1902221808275686	1.0829248984085682	0.981676634619113	0.8860261738640635	0.7952440856693208	0.7086502340133236	0.6256875058934764	0.5459300165253297	0.46908571679788763	0.3950191996557524	0.32382619480372543	0.25604092861070493	0.19323705879732392	0.13990816261711586	0.10831846556641551	0.1156970888711569	0.15550445263695442	0.20936949012240597	0.2685509540625908	0.3299349801989085	0.3923200515395114	0.45518430576967767	0.5182881145659806	0.5815197113373028	0.6448305722942568	0.7082057520036907	0.7716462957465611	0.8351682580877375	0.8987880644155322	0.9625309063826041	1.0264166500641823	1.0904736549854872	1.1547258123234654	1.2191938731648353	1.2839039850058473	1.3488827294652983	1.4141546986680542	1.4797308228825825	1.5456384654590396	1.6118982700157987	1.6785302559590143	1.7455517124318396	1.8129824378247044	1.8808411086903463	1.9491467912671046	2.0179193974838006
1.6121391341352451	1.5194224737408613	1.417085390822402	1.3063952505754879	1.1963101434978178	1.0913001608979698	0.9921957240735412	0.8985507215866282	0.8096640629054541	0.7248841544909252	0.6436782194595386	0.5656405071055917	0.4904947589016818	0.4181138740328049	0.34858158991393545	0.28235322537728835	0.22067742408757046	0.16675471776909692	0.1285792945086065	0.12020898933125655	0.14564195712450778	0.19113618183500503	0.24532775114539423	0.3032965966366753	0.3630513483745448	0.4237127978607881	0.4848645245357427	0.5462986740783959	0.6079113607895236	0.6696530505788766	0.7315012184411903	0.7934572003917383	0.8555256408502713	0.9177235143601538	0.9800644058139759	1.0425701020344147	1.1052641795560234	1.1681604705507944	1.2312833539385832	1.29465590599147	1.3583031331430502	1.4222316676725828	1.4864679338978528	1.551030967530428	1.615939546964026	1.6812106743646968	1.746860965587561	1.8129088297967662	1.8793712143264363	1.946268119471851
1.6121391341352451	1.5198831753704485	1.418744515378315	1.309991355960244	1.2021091435702873	1.0992559460202236	1.0021759813862732	0.9104278026320242	0.8233359356020702	0.7402746276888132	0.6607330363281294	0.5843232292488175	0.5107822807446061	0.4399889681812	0.37201483751888026	0.307250522576009	0.24671188400837643	0.1927982593531215	0.15102395934830365	0.13175348614529742	0.14310364025989986	0.17856379768627673	0.22660325210879528	0.2805125761164171	0.3372838453405064	0.3955492795584686	0.45464758214380496	0.5142399094927586	0.5741465435081264	0.6342710938413664	0.6945635999833424	0.7550028993723564	0.8155802430000993	0.8763022722744431	0.9371746932622136	0.9982131486353695	1.0594369186197186	1.1208555262883273	1.1824901117418096	1.2443601554129946	1.306490722902274	1.3688842960598184	1.4315660425658001	1.4945533792237142	1.5578634377579137	1.6215130786495302	1.6855166520033105	1.749891002005756	1.81465223408097	1.879819198941251
1.6121391341352451	1.5203360709138196	1.4203530395587445	1.3134418457778716	1.2076422680786196	1.1068268738804499	1.0116619120266312	0.9217101591097363	0.8363193359732384	0.7548870965095555	0.67692233241238	0.6020528038282775	0.5300267150131985	0.46072665429361853	0.39421181721093135	0.33081830901044856	0.27138717965387005	0.21778409894613734	0.17400607988933756	0.14758909027455336	0.14697673337263545	0.17162935737139123	0.2124080365471635	0.26153223940125625	0.3148952656248458	0.37052150340183704	0.4274296137234643	0.48510904469959326	0.5432807397512466	0.6017879114375678	0.6605443878832925	0.7195018192030925	0.7786343370837869	0.8379358873908979	0.8974029967333074	0.9570439312190884	1.0168722411636908	1.0768934207389336	1.1371246791425527	1.1975815768421187	1.258288199433956	1.3192446529476491	1.380473101868796	1.4419896138737949	1.5038098373407571	1.5659493084027725	1.6284225235386993	1.6912428968140523	1.7544260169269414	1.8179898143788633
1.6121391341352451	1.5207813973210496	1.4219136883328125	1.3167568675552586	1.2129300457246235	1.1140436752622418	1.0206931430570814	0.9324450305413718	0.848668112425816	0.7687812822655491	0.6923112018769991	0.6188994521033331	0.5483035058590562	0.48040816000720343	0.41526038926444453	0.35314966910196843	0.29478138549899047	0.24164614440789778	0.1967588569904727	0.1656878868088835	0.15579151257485738	0.16997475983909346	0.20269589937725246	0.2463094607085959	0.29579198073909013	0.34849214031620107	0.4030410210094909	0.4587109845170661	0.5150988824537228	0.5719729681099138	0.6291983072080674	0.6866957920407482	0.7444172604229373	0.802342304479686	0.8604551799489562	0.9187565995345263	0.9772531405393208	1.0359453446295745	1.094846186407213	1.153967380716926	1.2133307261084263	1.2729347187933548	1.332797862969031	1.3929349855979263	1.4533601990899219	1.5140875552683746	1.575130942551849	1.63650213842777	1.6982153035900158	1.7602863953968084
1.6121391341352451	1.5212193810521677	1.4234289766082613	1.3199455725028653	1.2179908046474355	1.120933732601865	1.0293050621735385	0.9426747938828194	0.8604308674531527	0.7820114999283541	0.7069593936488082	0.6349283375525231	0.5656835468820025	0.49911085038066666	0.435245404348007	0.3743364783716902	0.3169815985962194	0.26439678160389324	0.21892901551111463	0.18479400120031486	0.1680155027504369	0.1729024179727867	0.1972810080149671	0.23477089523563668	0.2798910450078458	0.329348334954669	0.38134057859560744	0.4348828939842244	0.4894202395485588	0.5446290448656097	0.6003158106678037	0.6563633051699066	0.7126969567229894	0.7692786480150468	0.8260788234525164	0.8830886631752992	0.9403070412916387	0.9977287815595419	1.0553621501845951	1.1132148149281027	1.1713046996412193	1.2296299609864583	1.2882048220953437	1.3470427645681318	1.406156119374167	1.465557331224303	1.5252590064131148	1.5852732499927717	1.6456108712568505	1.7062872948046286
1.6121391341352451	1.5216502386869348	1.424901230176499	1.3230162405589985	1.2228409704647474	1.1275215330397739	1.037529364450639	0.9524375357051298	0.8716514859594554	0.7946270661458216	0.7209215066700451	0.6501994304254062	0.5822325630967892	0.5169069359297302	0.4542464827245462	0.3944656126988916	0.33807448156692893	0.286081542470284	0.2403603651852482	0.20418192479242905	0.1823868320918152	0.17951013024917958	0.19580892363309083	0.2267847422175338	0.2671030625111906	0.31299010691555595	0.3622084693357235	0.41348572646023923	0.4660898902112796	0.5195879364699971	0.5737167325563579	0.6283130795595744	0.6832731071378274	0.7385352091050633	0.7940555348862323	0.849813211157978	0.905798598777052	0.9619994803575267	1.0184194352340337	1.0750615324192356	1.1319394136154812	1.1890503421324468	1.2464044736752091	1.3040136760998178	1.3618883264728623	1.4200393771088442	1.4784780283923846	1.5372155943655545	1.5962615116971688	1.6556293154204191
1.6121391341352451	1.5220741774908948	1.4263326041115378	1.3259763864906384	1.2274953160610798	1.133829049573387	1.0453945200746806	0.9617675578546363	0.8823696315350126	0.8066727370648636	0.734247314178696	0.6647676545423863	0.5980110082626812	0.5338630475835735	0.47233719463477075	0.4136175018009073	0.3581422815031721	0.3067590105707148	0.26099402906081126	0.22344246078742855	0.19799477796218773	0.18887400932893958	0.1977786870962841	0.22213953013704973	0.2573150973350153	0.2993199468667141	0.3455382437356813	0.3943993167557329	0.4449741283860378	0.49670411253196295	0.5492453530657114	0.6023805126343148	0.6559719425931824	0.709929582906224	0.7641957720464834	0.8187328675542958	0.8735227567867735	0.9285452590485094	0.983798202355767	1.0392799387325184	1.0949993529552362	1.150952633821499	1.2071455493901304	1.2635880228588707	1.3202886843441435	1.3772567799572386	1.434501873958314	1.4920339936834897	1.5498629696007984	1.607998923757492
1.6121391341352451	1.522491395943048	1.4277250989871815	1.3288328503892426	1.231967172133743	1.139876063177623	1.0529261749241492	0.9706958212862681	0.8926212007962813	0.8181891413280209	0.746982142508618	0.6786831779595925	0.6130742359792588	0.5500402684065058	0.4895849501771276	0.431865799532221	0.3772613141694596	0.32649147152623037	0.28082059356013456	0.2423480160583389	0.21422575896984378	0.20018132646836545	0.20260622663057493	0.2205411493375837	0.2503769429386074	0.2882335410579625	0.33123077641973503	0.3775171777995579	0.42595640243428545	0.4758511200108522	0.5267659071574421	0.5784224314781787	0.630641776925673	0.6833045546998552	0.7363336223754774	0.7896753400413109	0.8433004620754763	0.8971803143652787	0.9513062627467436	1.0056712313893585	1.0602789124673828	1.1151243080158173	1.1702083900399485	1.2255392296278311	1.2811233058199853	1.3369679779032242	1.3930814281044508	1.4494722769460513	1.5061495101455191	1.5631217606208145
1.6121391341352451	1.5229020842239267	1.4290805752156015	1.3315918752247036	1.2362686056071106	1.1456804362323123	1.060147494229364	0.9792503341484535	0.9024387329209925	0.8292131901651011	0.7591672622178405	0.6919917679011331	0.6274728073915062	0.5654943969676357	0.5060512395575405	0.44927758114233496	0.3955015913131838	0.3453404743715261	0.29985606735694204	0.26077531319123504	0.23068007066024074	0.21278397174034083	0.20969900003120176	0.22162934308038057	0.24609622638577242	0.27961073025393246	0.31918705843682954	0.36274097866480953	0.40893257106520736	0.45691724806065187	0.5061593466551993	0.5563117606846514	0.6071494443208852	0.6585202123377727	0.710323568869902	0.7624889323348154	0.8149736168050591	0.8677416106331561	0.9207747009394873	0.9740606251552216	1.0275976710298604	1.081378792711015	1.1354003900238967	1.189668355413709	1.2441868162580052	1.2989613594518516	1.353998386115584	1.4093050282748392	1.4648890564076145	1.5207591706270496
1.6121391341352451	1.5233064246717873	1.4304007657604814	1.334259173620155	1.2404105715808844	1.151258345617531	1.0670794580443128	0.9874564904950961	0.9118517752447386	0.8397784560590201	0.7708402683383959	0.7047351646283107	0.6412528575988042	0.5802763178450709	0.5217920340960798	0.4659137752949671	0.41292697750651297	0.3633647607452159	0.3181292947912504	0.27866177086557375	0.2471017412049367	0.22619561703797542	0.21851417143164922	0.22500763158337017	0.24424006877088444	0.27331109545591914	0.3093033651265578	0.3499769375496371	0.3938079242452297	0.4398029787550635	0.4873195017345739	0.5359367712414643	0.5853774825049439	0.6354530047878656	0.6860370835332584	0.7370399808797755	0.788403819627823	0.8400851921998735	0.8920544953895333	0.9442939522643071	0.9967961117768489	1.0495516010340313	1.1025517575477057	1.1558000461320603	1.2092984267602014	1.2630502771237297	1.3170602658768813	1.371334120681199	1.4258780857813667	1.480700017942442
1.6121391341352451	1.5237045922078531	1.4316872874455484	1.3368399855901327	1.2444030433559272	1.1566244822471157	1.07374111594877	0.9953373657479306	0.9208872077094676	0.8499155169645949	0.7820354377623205	0.7169514490909131	0.6544564770222011	0.5944324105005602	0.5368582473247102	0.4818296838497984	0.42959558059713626	0.3806193787368332	0.3356751527598562	0.295980612653167	0.26332888062089693	0.2400643148885622	0.22858955058837252	0.23027642581921526	0.24454466381774215	0.269171948583902	0.30146739537020534	0.33913209051935045	0.3804933086264652	0.42441745568776773	0.4701517779529012	0.5171980253481755	0.5652213248862799	0.6139937954998476	0.6633600743038895	0.713209841514792	0.7634682773758088	0.8140833370624359	0.8650134374583627	0.9162346650155938	0.9677330303312623	1.0194968334869943	1.0715118552748077	1.123779193885558	1.1762980072749978	1.229069635399029	1.282097021239606	1.3353840453843047	1.3889356995396311	1.4427583249431826
1.6121391341352451	1.5240967547325979	1.4329416510342747	1.3393391286676353	1.248255124187184	1.1617922225650321	1.0801498071744868	1.002913974521504	0.9295695297911006	0.8596522661409999	0.7927840583154852	0.7286753910310423	0.6671220837670621	0.6080049591634378	0.5512962032774659	0.4970755156002408	0.4455602298846425	0.39715540150027545	0.35253079613871113	0.3127263726178981	0.27926079038302937	0.2541407237890465	0.23955114507603212	0.237060388000814	0.246729858985621	0.26700999392639385	0.2955557845567375	0.33011062604827085	0.36890343902406064	0.4106765091395759	0.4545709057040476	0.5000059952530352	0.5465877676096936	0.5940448828661755	0.6421910933083844	0.6908927525131529	0.7400578135118354	0.7896223978187732	0.8395338457511495	0.8897609555279679	0.9402828520062512	0.9910847152060427	1.0421468690076017	1.0934675565333538	1.1450432199926608	1.196872880269967	1.2489573614894611	1.301299111862268	1.3539015535902699	1.4067694239132518
1.6121391341352451	1.5244830734954864	1.4341652702461383	1.3417610415889725	1.2519751437578897	1.1667737765013801	1.0863213513912238	1.0102054958269244	0.9379211137694109	0.8690141892926365	0.8031147278791547	0.7399387712309016	0.6792847745820162	0.6210325442051965	0.5651480850933004	0.5116968980108421	0.4608689699027734	0.4130199546946957	0.3687335694363066	0.3289062692428316	0.29483667133915364	0.26825052321651105	0.25110655263062415	0.2450257407735704	0.25051486029695696	0.2666276589423232	0.2914339625870088	0.32281265177009155	0.35895395010576314	0.3985015011054171	0.4404974028758323	0.48427968371953406	0.529392537219928	0.5755188326978443	0.6224388646236635	0.6699942459191502	0.7180741067532063	0.7666006694200433	0.8155105987202896	0.864764124024623	0.9143331150242844	0.9641994574150918	1.0143372465500764	1.0647419099145372	1.1154069826810655	1.1663289067268359	1.2175065847711752	1.268940472983005	1.3206325305389994	1.3725861213878205
1.6121391341352451	1.5248637034416082	1.4353594698312342	1.3441098225075738	1.2555707417748116	1.1715803155974	1.0922702145344203	1.0172294700618425	0.9459624281249753	0.8780246115135752	0.8130536240477281	0.750770675617012	0.6909766487150822	0.6335504056373777	0.5784523513482386	0.5257353508098094	0.47556553500268894	0.42825639714709884	0.3843198560290441	0.34453496856867644	0.31002188456330354	0.28227309056651867	0.26303230284475415	0.25388769222193364	0.25563183026455033	0.26782019457249234	0.2889577233612717	0.3171330561654285	0.35055963289150877	0.38781575525385775	0.42785732243023944	0.4699444515145208	0.5135591544959767	0.5583364863482928	0.6040215959348977	0.650429107447453	0.6974286285222471	0.7449268608916797	0.7928492334407665	0.8411467232363848	0.8897831948969581	0.9387370271333993	0.9879758519333465	1.0374918851157948	1.0872754244609948	1.1373205895886915	1.1876237991684204	1.23818380471854	1.289000898339422	1.3400766629333078
1.6121391341352451	1.52523879353549	1.4365254928280518	1.346389262530256	1.2590489406973095	1.176222084351682	1.098009653339856	1.0240019716048991	0.9537122345931325	0.8867049168336466	0.8226247459463591	0.7611977612656795	0.7022271028582084	0.6455907751204477	0.5912441153504211	0.539228715651881	0.4896897892152916	0.4429045713653301	0.3993244666700302	0.3596313523738963	0.3247990330770463	0.296125893204693	0.2751601675354508	0.26341054249124574	0.26183555456152474	0.2703833989767499	0.2879760688915415	0.3129612885049128	0.3436339955338487	0.37854441022266605	0.41658060594086027	0.4569313850937164	0.49901749142291296	0.542425878907274	0.5868647599918588	0.6321204821131491	0.6780417601865952	0.7245187769657653	0.7714647290397977	0.8188208413275605	0.8665425747535276	0.9146034779519205	0.962966251978386	1.0116180610566425	1.0605464312801027	1.1097424724857723	1.1592006081101542	1.2089174289411688	1.2588915421972402	1.3091231494870479
1.6121391341352451	1.5256084870639801	1.4376645070945815	1.3486028752509076	1.2624162092270839	1.180708497310768	1.1035518416787884	1.0305377603273735	0.9611877620932332	0.8950747432027724	0.8318501303790411	0.7712444956014876	0.713063097506758	0.6571831760930782	0.6035554868811158	0.552211541471052	0.5032781257936546	0.4570010788989974	0.4137803426402634	0.37421649990389877	0.3391621154687874	0.3097533524289328	0.287364834327777	0.2734034743559888	0.2689088242914223	0.2741206722460123	0.2883349098871342	0.31018225235178176	0.3380879428410093	0.37061314866040435	0.40659988133564867	0.4451754737477677	0.48570255637229814	0.5277213171958186	0.5709007336836804	0.6149987941751679	0.6598414509707152	0.7053019926028893	0.7512802589388929	0.7977071660280692	0.8445293925087688	0.8917150252900707	0.9392214299768975	0.9870308712758407	1.0351275097807586	1.0834997172186176	1.132139219120539	1.1810407332023398	1.2302010827723031	1.2796187846784766
1.6121391341352451	1.5259729219207685	1.4387776112044208	1.3507539228363834	1.2656785179307761	1.1850482240046303	1.1089079812996687	1.0368504148721294	0.9684048603943539	0.903152155597288	0.8407500446742437	0.7809333707205787	0.7235093962355751	0.6683546933157826	0.6154158780090477	0.5647154277652345	0.5163638259642924	0.47057955647224714	0.4277184435858049	0.3883124192994242	0.3531126508150637	0.3231189802294032	0.299553738782407	0.28371442677513153	0.2766641746340378	0.278848464458273	0.2898810458100498	0.3086781382575283	0.33383052577429034	0.3639475176761076	0.39784948312043555	0.43461526368352565	0.47355476237852673	0.5141618651000078	0.5560671114195779	0.5990002326392572	0.6427622722854822	0.6872089680693425	0.7322261075524733	0.777733783433947	0.823669984125605	0.8699950946613277	0.9166628345908394	0.9636491509194927	1.0109352858989735	1.0585062268353118	1.1063512914110216	1.154462838962229	1.2028358787461155	1.251467484704624
1.6121391341352451	1.5263322308731524	1.4398658397736195	1.3528454391333704	1.268841388126145	1.1892492634877179	1.1140883991448476	1.0429524501256668	0.975378136060542	0.9109537997566585	0.8493431585847507	0.7902850950011361	0.7335887799447424	0.6791302140062703	0.6268522756874089	0.5767693292687488	0.5289773789126919	0.4836709403825816	0.4411677432566093	0.40194125047962065	0.3666570826704581	0.33619983853910157	0.31165906313385	0.2942235959501109	0.284943030327156	0.2843998183296492	0.2924665314239336	0.30833026904732	0.3307689855657045	0.3584724895544727	0.3902650575857288	0.4251915295049382	0.4625167249823196	0.5016911310795296	0.5423079100416306	0.5840665017365441	0.6267442623710134	0.6701780034060435	0.7142387452223956	0.7588353411526639	0.8038963465856731	0.849374324757457	0.895218769526631	0.9413994914109634	0.9878939187378151	1.0346841508567926	1.081756538666103	1.1291012717434896	1.1767113212422902	1.224581982576814
1.6121391341352451	1.5266865418119089	1.4409301682900646	1.354880250202565	1.2719099349748846	1.1933190099437572	1.1191026331210892	1.0488554209935423	0.9821210728909172	0.9184950388089431	0.85764669749118	0.799318764241868	0.743322238340673	0.6895326430664037	0.6378894842035344	0.5883998258469838	0.5411467661419433	0.4963037131785322	0.45415528706159086	0.4151247688671803	0.3798050235049013	0.34898262539433855	0.3236316018705747	0.3048373929917122	0.29361329518203194	0.2906261157463797	0.2959513798775949	0.3090212668997628	0.32880958231744906	0.35411250855829857	0.38378255044204973	0.4168468289732733	0.4525345186423988	0.49025628883578887	0.5295695499971943	0.5701440255790373	0.6117324740247556	0.6541526971387962	0.6972601821809542	0.7409520648314076	0.7851471283798769	0.8297894229306988	0.874824211933244	0.9202146866936014	0.9659346540317398	1.0119625258681284	1.0582821160755171	1.1048810171139936	1.151750227859197	1.1988833006062165
1.6121391341352451	1.5270359779870444	1.4419715174948955	1.3568609926032433	1.2748889055922956	1.197264310602588	1.1239595078697138	1.0545700142719792	0.9886461388045109	0.9257900748175123	0.8656765789865299	0.808052014444392	0.7527291409222688	0.6995830949742297	0.6485503406226214	0.5996313614304372	0.552897713711182	0.5085041302527619	0.466706283475946	0.42788408333354644	0.392568058468836	0.3614608969847996	0.33543612377247173	0.31548320935696156	0.30256620477313295	0.2973973713926342	0.30020584110281395	0.3106372583687339	0.32785894712547314	0.35079194399568914	0.37833861087230075	0.4095257146091597	0.443556385997026	0.47980734849316287	0.5178027251178781	0.5571828597044296	0.5976763425502007	0.6390806740778594	0.6812373944991221	0.7240293209707835	0.767366026293697	0.8111827147803357	0.855419649786164	0.9000336773912412	0.9449944112834454	0.9902768311309452	1.0358615044256543	1.0817337854092426	1.1278823969896912	1.1742990873248123
1.6121391341352451	1.5273806582287732	1.4429907573667755	1.3587901297256797	1.2777827128357846	1.2010915170005945	1.1286672018827246	1.060106130144891	0.9949648808507593	0.9328520570364838	0.8734475347290822	0.8165011582469299	0.7618273896372151	0.7093010648203955	0.6588559062120198	0.6104864555908117	0.5642539158756376	0.520296426009433	0.4788442122475942	0.4402394605231661	0.4049589259970443	0.37363308439217435	0.34704788866936925	0.3261050671815555	0.3117129988963615	0.3046014931872429	0.30511175625194814	0.3130693428472363	0.32782503887781883	0.3484350878873531	0.37387021387864416	0.40317315086787076	0.43553233248342693	0.47029701618237274	0.506960982385412	0.5451366702709592	0.5845289665098716	0.624914408244803	0.6661213327133872	0.7080171030534252	0.7505015440235014	0.7935011016815876	0.8369507942828955	0.8808004197603172	0.925015754926055	0.9695677605375507	1.0144340532901082	1.0595971153408938	1.105043687708998	1.150763524468176
1.6121391341352451	1.5277206971557806	1.4439887107521905	1.3606699664152107	1.2805954653445106	1.2048065304752325	1.133233307094511	1.0654729546534767	1.0010880098197295	0.9396931784672062	0.8809732192522652	0.8246813068290222	0.7706335552196959	0.7187045808006477	0.6688256366108535	0.6209858910348587	0.5752372333994724	0.5317030003442063	0.490590939029573	0.4522102317586663	0.4169909551680173	0.38550106909933235	0.35845003716976365	0.3366600959148496	0.32098174489769565	0.3121429015620991	0.310563123675446	0.31621531062148034	0.32861835615794294	0.3469670013623308	0.3703147590435223	0.3977352991545962	0.42841408734892883	0.4616799446115127	0.4970004575619252	0.5339622470964007	0.5722466978689243	0.6116101534882797	0.6518668932104597	0.692869052750241	0.7345063635790555	0.776695979034691	0.8193675302871315	0.8624637460597419	0.9059458371390974	0.9497812075353541	0.9939439178526231	1.038413902665167	1.083175351612424	1.1282162555433732
1.6121391341352451	1.5280562053710878	1.4449661566766752	1.3625026620909122	1.2833309943185678	1.2084148426473245	1.137664881912803	1.070679024250864	1.007025475724705	0.946324762105978	0.8882663072500282	0.8326064789275811	0.7791629990447256	0.7278103402698045	0.6784775332265942	0.6311488799443156	0.585867869566487	0.5427445867193587	0.5019668301821287	0.4638147538862718	0.4286776797737369	0.3970691539859747	0.369631633504715	0.34711572253997686	0.33031447954513	0.31994082193105167	0.3164660357419437	0.31998063210716693	0.330153055223473	0.34631419503710914	0.36761013882638544	0.3931589702668186	0.42215431954467414	0.4539125078380287	0.4878796140912039	0.5236186003717253	0.5607888285651215	0.5991273670865801	0.6384323486105277	0.6785425187402105	0.7193367453295855	0.7607225315844027	0.8026239091804739	0.8449762479367235	0.887736349822797	0.9308672775798326	0.9743400509330336	1.0181314830181463	1.0622235414242103	1.1066019449413258
1.6121391341352451	1.5283872896468236	1.4459238333730986	1.3642902425456471	1.2859928774460951	1.2119215715244085	1.1419684985317635	1.075732283447673	1.0127865352697458	0.9527573381005153	0.8953385806625692	0.8402896984306943	0.7874299821308129	0.7366338312445683	0.6878282781081413	0.6409932117644608	0.596164526576697	0.5534404033491093	0.5129908640725493	0.47507040512268767	0.4400325750653756	0.4083433162732772	0.38058619487793055	0.3574474516092921	0.3396647317846903	0.3279274756791893	0.32273816151862506	0.3242788355248538	0.3323477028703302	0.3464050827584734	0.3656953969338525	0.3893917698304479	0.41670691911636465	0.44695270557799816	0.4795586350107149	0.514067160617869	0.5501172227253167	0.5874270005992983	0.6257788057078587	0.6649979089590088	0.7049522101737126	0.745539407409104	0.786677428044694	0.8282944542652766	0.870342437989791	0.9127802659263197	0.9555752841766847	0.9987016228507403	1.0421385185264584	1.0858697391383303
1.6121391341352451	1.5287140530987948	1.446862441051893	1.3660346105828611	1.2885844603366445	1.2153314937784119	1.1461502852218912	1.0806401363722888	1.0183798122489764	0.9590007128900558	0.9022010067402204	0.8477430818560361	0.7954477627707432	0.7451894410487208	0.6968933542435902	0.6505353847170661	0.6061445447129886	0.5638082890629894	0.5236807368261771	0.4859936032937809	0.45106888026604613	0.4193306629889778	0.39131058298896926	0.3676371202640502	0.3489954275313311	0.3360463157003752	0.3293079363311801	0.3290316935593807	0.33512602444164596	0.34717087650112444	0.36451076280716477	0.38638234012123246	0.4120268356996485	0.4407597648904521	0.47199932691870755	0.5052713391400732	0.5401957300979866	0.5764731109020967	0.6138699802973168	0.6521985639353476	0.6913152539395696	0.7311081169232546	0.7714889896035745	0.8123780758123366	0.8537228789011451	0.8954777196673723	0.9376063161143919	0.9800796772488786	1.0228746445940224	1.065972596849565
1.6121391341352451	1.5290365953505551	1.4477826444413213	1.3677375556214422	1.2911088757593208	1.2186490736698081	1.1502159642269623	1.0854094930015512	1.0238133517387897	0.965064031255925	0.9088638081284814	0.8549779168705264	0.8032286840794827	0.7534905535807347	0.7056871530336237	0.6597907230293779	0.6158240263716125	0.5738648253719955	0.534052961481241	0.4965998379978586	0.4617994813824421	0.43003903293936757	0.4018041656223905	0.37767152982891977	0.3582771461673554	0.34425039089619275	0.3361135904557941	0.33416909440612813	0.33841707343653094	0.348545715677527	0.36399814896010213	0.3840800974780484	0.40806972429873073	0.4352936287288036	0.46516501816854566	0.4971960764704317	0.5309902614044659	0.5662318734734998	0.6026719442503508	0.6401100317618004	0.678391088207339	0.7173931719480566	0.7570220354374896	0.7971899810063426	0.8378394679598428	0.8789204857994627	0.9203929236237423	0.9622245667169755	1.0043896106523647	1.0468672756027309
1.6121391341352451	1.5293550126887572	1.448685075121164	1.3694007623896418	1.293569060950614	1.2218784890187724	1.1541708857786137	1.0900468106698658	1.0290946687838562	0.9709558321062294	0.9153365258784836	0.8620047328599235	0.8107842526163989	0.7615496365308293	0.7142230704537224	0.6687734816136585	0.6252179467966238	0.5836254461780682	0.54412296014998	0.5069037110239768	0.47223683655577514	0.4404767054105061	0.4120681802690347	0.38754137325458704	0.36748668524469025	0.35250088053363277	0.3431021164690302	0.3396286966982983	0.3421556477731939	0.35046745359677695	0.36410149035956413	0.3824358997109331	0.4047924211394531	0.430515916257107	0.4590201830963792	0.4898079662033782	0.5224685421504263	0.5566713247379375	0.5921529980410796	0.6287002593287002	0.666147120110444	0.7043614332642303	0.7432426204448537	0.7826954848334773	0.8226568471945233	0.8630722990296495	0.9038978759250758	0.9450981349281559	0.9866443952969495	1.0285136340649117
1.6121391341352451	1.5296693982100729	1.4495703336671901	1.3710258188055793	1.2959677732224337	1.22502365457578	1.1580200587037672	1.0945581314308446	1.0342307922308693	0.9766840987085467	0.9216280761916638	0.8688333644495051	0.8181252090852617	0.7693783196985352	0.7225135932373824	0.6774969397160523	0.6343402531088798	0.5931045364366079	0.5539051491605369	0.5169189811936713	0.48239293146870965	0.4506521871020474	0.4221052494816631	0.39724039383658205	0.37660588712761656	0.36076581099112104	0.35022824446936146	0.3453554392466351	0.346282402315913	0.3528777309912421	0.3647669952923215	0.381401852279204	0.4021527776964406	0.4263888491785034	0.45353035328302416	0.48307456711196084	0.5145995670001746	0.5477612354068027	0.582283106874615	0.6179391385049651	0.6545528781633255	0.69198208861413	0.7301191722497323	0.7688623868426154	0.8081421129202211	0.8478994513642563	0.8880867012146971	0.9286649402636595	0.969602761616965	1.0108745565663226
