1.6121391341352451	1.418173843706545	1.192063532519957	1.0073495437067297	1.1262087192692452	1.7182491110275289	2.6835078010661855	3.974585416565977	100.0	100.0	100.0	100.0	100.0	100.0	100.0	100.0	100.0	100.0	100.0	100.0	100.0	100.0	100.0	100.0	100.0	100.0	100.0	100.0	100.0	100.0	100.0	100.0	100.0	100.0	100.0	100.0	100.0	100.0	100.0	100.0	100.0	100.0	100.0	100.0	100.0	100.0	100.0	100.0	100.0	100.0
1.6121391341352451	1.4589287216143636	1.2963024825129639	1.1281740885488212	0.9783813048865775	0.8814514255965673	0.8682493596543865	0.9463526464996658	1.0969400360697021	1.2944663911605743	1.5204221071035207	1.7637978711567772	2.0185127748455565	2.2812822678393068	2.550358497022495	2.824848998911963	3.1043376123621664	3.388672685948575	3.6778284971170767	3.9717412090126363	4.270297253111038	4.573296577308577	4.880331165544875	5.190735730738141	5.5035482231520625	5.81750181753416	6.131084995418221	6.4426981091650255	6.750913334671053	7.054807307369859	100.0	100.0	100.0	100.0	100.0	100.0	100.0	100.0	100.0	100.0	100.0	100.0	100.0	100.0	100.0	100.0	100.0	100.0	100.0	100.0
1.6121391341352451	1.476189944223726	1.3325295990260648	1.1797413399395387	1.0300935114467267	0.9008158295845933	0.8097963398702321	0.772735739979601	0.7964103168218863	0.8743104629827789	0.992245201910448	1.1366403355786407	1.2979514794761824	1.4702582869089786	1.6499587014901678	1.8349491515673069	2.0240123186679853	2.2164624867146783	2.4119385824179664	2.6102797423722937	2.8114481658323864	3.015480509190337	3.2224718665382017	3.432506923991889	3.6456292509167088	3.8619257471587995	4.081427410914619	4.304121910866121	4.529927471109351	4.758682308737292	4.990130302262647	5.223908235748113	5.459537452610858	5.6964264837395575	5.933887614745762	6.171175723078411	6.407553189050405	6.642359957007279	6.875114378901561	7.105576457868574	7.3337322442494814	100.0	100.0	100.0	100.0	100.0	100.0	100.0	100.0	100.0
1.6121391341352451	1.4862837342312147	1.3525231433928684	1.208284190564339	1.0627830645546374	0.9277935596417334	0.8145046933572735	0.7341463577645923	0.6968986519189845	0.7075142764384443	0.7619921644007495	0.8503376274443738	0.9620928312422574	1.089253143705647	1.2265545686275985	1.3707432778444621	1.5197684069611819	1.6723879839346463	1.827862041498463	1.9857591784603024	2.1458441498865324	2.308007640262532	2.4722217941963636	2.6385111367590928	2.806932463161214	2.9775613873609657	3.150504893663162	3.325817606987797	3.5035702133098794	3.6838306485740064	3.8666521699927765	4.052053136787871	4.240027295095397	4.430529927867163	4.623471376099474	4.8187108906629375	5.016050507575671	5.215230048485795	5.41592341814044	5.617742376377254	5.820243409063406	6.022946359805318	6.22536268199119	6.427032590324338	6.627559902880932	6.826655900474902	7.0241786641219175	7.220113553901794	7.414544258689301	100.0
1.6121391341352451	1.4930243889053663	1.365434212447	1.226637168887064	1.0848186656575989	0.9493441023474668	0.8280133547608693	0.7283987464435706	0.6587974749795309	0.6268910224243884	0.6360068278506091	0.6825350489566784	0.758130725195573	0.8540469096088411	0.9635112202558309	1.0819460594410277	1.2064545826332753	1.335264292038009	1.467229924145027	1.6016585948956839	1.7381264034217412	1.8763901800486513	2.0163212554996557	2.1578663220030476	2.301022208029798	2.4458184645656784	2.5923060564834732	2.7405490941427835	2.890619030613433	3.0425892772243386	3.1965351603472327	3.3525151694526447	3.5105848818046734	3.6707896726800775	3.8331690857018916	3.9977408297056276	4.1644987270654035	4.33341537768936	4.504437009203526	4.677475402090983	4.8524070420075445	5.029068403027739	5.207253881795963	5.38671495713379	5.567161501510916	5.748267082733064	5.929680481651051	6.111040827232425	6.291998926286365	6.4722425956186855
1.6121391341352451	1.497882702451347	1.3745082665912736	1.2394527301967933	1.1006119640336105	0.9660951249222635	0.8417744585650239	0.7328240779219442	0.645200246441181	0.5859470754027599	0.5614633961308442	0.5739164489573999	0.6192917315821592	0.6898126919369392	0.7777473011164451	0.8772508394363132	0.9844326003664173	1.0967875420506108	1.2127792985153998	1.3314683898606832	1.452238920801261	1.5747260325986323	1.6987058933634662	1.8240575747362764	1.9507262598848125	2.0787006458514936	2.2079989473358888	2.338658593774608	2.4707299134669305	2.604271112229802	2.739343147836544	2.8760076258396223	3.0143311209591257	3.1543733133633958	3.296188435500477	3.4398244576301966	3.5853225515028524	3.732707889824517	3.882006270539993	4.033223426225034	4.186349324336153	4.341353883412339	4.498186290998742	4.656775464948339	4.81702109759487	4.9787950320211865	5.141938241880121	5.306260544463309	5.471540775464661	5.637530861558463
1.6121391341352451	1.5015656860151894	1.3812394838632822	1.2488854296080047	1.1124475734513597	0.9793197243510984	0.8541691439887542	0.7405938556140453	0.6426677473493292	0.5658233056202433	0.5166855722254673	0.5008745813901178	0.5193379473258224	0.56716517857292	0.6366478066177351	0.720768944354445	0.8144827141504795	0.9145204174603483	1.0188207035501666	1.1260922309748504	1.235555214519412	1.3467396238798213	1.4593344608316619	1.5731594013327643	1.6881199338582102	1.8041671659794982	1.92129305601772	2.039513701196316	2.1588614977106024	2.279379830991269	2.401118908204963	2.524133011230821	2.648474469300991	2.7742015137282143	2.9013706881585755	3.0300363595154414	3.1602460536564703	3.292050687029524	3.4254806879896975	3.5605800363182087	3.697368869955493	3.835861336334488	3.976067923409789	4.117982880776831	4.26158735343718	4.406846435056428	4.553707182327007	4.702096469816243	4.8519242114138414	5.003075023788344
1.6121391341352451	1.5044607822476013	1.3864253197842014	1.2560877465497728	1.1216155851390193	0.9899791957935307	0.8650374475018238	0.7493165438127962	0.6455061313307976	0.5574331323516013	0.4906297072103028	0.45177467167474755	0.4458059690163066	0.4721006955078025	0.5244748439275712	0.5951331085244016	0.677729633059665	0.7679947969693953	0.8632601470975938	0.9618814385119073	1.062847741052058	1.1655371710856564	1.2695800214710458	1.3747606719542595	1.480940317147988	1.5880449594419477	1.6960531017101848	1.8049607080273673	1.9147859778280016	2.0255609812120614	2.137326201597398	2.2501276675639077	2.3640147287672835	2.4790359583524353	2.5952414069022036	2.712683813972525	2.831413539847329	2.95147662658157	3.0729216540294058	3.195785082951907	3.3201109161955533	3.445922880508248	3.5732518472938994	3.702122710784137	3.8325408103799603	3.964513034845521	4.098034822235892	4.233089831140542	4.3696495197572	4.507671408521719
1.6121391341352451	1.5067999420972955	1.390534738846846	1.2617381262593275	1.128900142334169	0.9987414369704202	0.8745488171726346	0.7580920396390122	0.6510627684935497	0.5559684420513726	0.47688585172920495	0.41990944405392777	0.39205297187444543	0.39727343428408307	0.4327451981684827	0.4908073676993062	0.5637328727615054	0.6459730417436401	0.7340635350891103	0.8259181351153663	0.9202883932370126	1.0164202412988215	1.113859182852676	1.2123291099113143	1.3116774388859938	1.4118263822495913	1.5127289943472446	1.6143721328009895	1.7167690481036806	1.8199466455625013	1.92393485561499	2.028773680211124	2.1345070367742816	2.2411811692203174	2.3488417232764056	2.4575341974941036	2.567306937491736	2.67820650421426	2.7902781096024003	2.9035635114123797	3.0181050473816384	3.133936820922573	3.2510949104612394	3.3696112349607654	3.489506767451136	3.6108047243139976	3.7335201969902734	3.857662945612125	3.9832318980605512	4.110221273033869
1.6121391341352451	1.5087312488586309	1.3938632760276604	1.2662643411321997	1.1348062014801847	1.0060710573098497	0.8829238885445565	0.7665819753159963	0.6580162830507084	0.5587286463803018	0.47143673022701166	0.4008733285108996	0.3541642182909218	0.33872570532634527	0.35666167641406143	0.4021411388700115	0.4662196102521266	0.541689586482846	0.6240030075108952	0.7105163389996939	0.7996982428774505	0.8906581039610387	0.9828710058873463	1.0760232332151434	1.1699395484009123	1.2645219385508029	1.3597188769600035	1.455531421838791	1.5519565715591435	1.6490144216666065	1.7467353366616873	1.8451615590396682	1.944329180312034	2.044280391112981	2.1450594278705015	2.2467097612847216	2.3492731848814112	2.4527952959176145	2.5573193582580562	2.6628875277126394	2.769539610850756	2.877313996550836	2.986247541189886	3.096372410390821	3.2077198344782833	3.320318897428272	3.4341914822686412	3.5493578858579364	3.665833895351282	3.783629579889502
1.6121391341352451	1.5103540021625328	1.3966071226508026	1.2699504420654724	1.1396741085727697	1.0122973104040018	0.8903637551961698	0.7746746259503645	0.6656755897389156	0.5641294236880549	0.4716537151595779	0.3914770207141397	0.3294845711157405	0.2944083247312826	0.29362898282493904	0.3256729127689415	0.3811941017170629	0.45082231393422556	0.5284899095947095	0.610804535237176	0.6959064059697191	0.7827606784226694	0.8707822531596683	0.9596360271812245	1.0491323950236466	1.1391680810340001	1.2296934203828134	1.3207066475147624	1.4121984053571472	1.5042089834721113	1.596756979290062	1.6898783042146137	1.783612180897951	1.878002249997829	1.9730917648825594	2.0689202250904684	2.165529113017403	2.262957921989252	2.361249206252834	2.460443601676539	2.560580183731789	2.6616973568523608	2.763830473420529	2.8670144421599573	2.971281486265084	3.076661829768841	3.183182949523325	3.290869773847039	3.399744622611582	3.5098262291995503
1.6121391341352451	1.511737429934125	1.3989019310922324	1.2729928443591971	1.1437418311474057	1.017658623560268	0.8970358339792079	0.7823524477533048	0.6736665136543902	0.5712084901713791	0.475774298722748	0.38928678750823115	0.3158502118671842	0.26330081071703504	0.24263255564714784	0.2593810995214816	0.3060294477619116	0.3705131693867342	0.44451321127383653	0.5236013995488429	0.6055314125603475	0.6891276838753122	0.7737606314312026	0.8590869100333559	0.9449205727377283	1.0311655156224946	1.1177787115353166	1.2047552737364182	1.2920992227219008	1.379844674247325	1.4680141765485688	1.556654707852384	1.6457989890670524	1.7354878123163968	1.8257626010999246	1.916664996888442	2.0082416509379706	2.100526978782683	2.1935583085973254	2.2873757688353753	2.382017504716449	2.477520102082309	2.573919910245941	2.6712495231150375	2.7695430073082643	2.868830259152982	2.969139910958372	3.070500320876844	3.172935587220789	3.276467972238749
1.6121391341352451	1.5129313471980326	1.400844620023807	1.2755318670836282	1.1471808308098008	1.0223312766218131	0.9030754158684906	0.7896363029531455	0.6817819076041342	0.579364179148482	0.48259834176575955	0.39241952326503643	0.3112432280633001	0.24466862607645956	0.20396992996521976	0.20246509084551886	0.2390319914880814	0.2988653449878037	0.37010330390771834	0.4468343228317094	0.526352493830727	0.607367112664185	0.6892328366186046	0.7716200840972551	0.854360938428807	0.9373766884847827	1.0206383540470387	1.1041459023379923	1.187920810498773	1.2719876447670544	1.3563887751653665	1.4411591451645613	1.5263391918451064	1.6119739737119603	1.6981017680611128	1.784763719501267	1.8720003698555965	1.9598514064841457	2.0483571402514045	2.137552648208108	2.2274735849156655	2.3181556757373296	2.4096339038649623	2.5019407224621784	2.5951091498723593	2.689168124510004	2.7841487256041337	2.880077566092459	2.976979688727436	3.0748816937865824
1.6121391341352451	1.5139725554912862	1.4025063289701134	1.2776704806280643	1.1501177823059536	1.0264480887814011	0.9085909007256251	0.7965610592981788	0.6899059653288152	0.5882108892202407	0.4912990628238445	0.399430212383209	0.31373686717147997	0.23740925702469573	0.17885694952666187	0.1556148575507066	0.17932139777759137	0.23472809797401462	0.30408872961453015	0.3792437557243251	0.4569710963185372	0.5359222459320787	0.6154799822849192	0.6953562637360864	0.7754184204002365	0.8556146707078628	0.9359358664869546	1.0163967350401473	1.097025638847226	1.1778582919992129	1.2589365723576094	1.3403005942759023	1.4219958706456697	1.5040635814087036	1.586549003536959	1.6694895223885007	1.7529258453566052	1.8368968525327698	1.9214404078201626	2.00659135128734	2.092385003321269	2.178859884440575	2.2660455431016433	2.3539749594400776	2.442677848522543	2.5321857751651495	2.6225253116209077	2.7137265373739687	2.8058140664251554	2.8988121396640656
1.6121391341352451	1.5148888542548222	1.4039404713609391	1.2794859658959106	1.1526482740596904	1.030110838768792	0.9136691622728551	0.8031647846099187	0.69797426705902	0.5974962074744871	0.5013010370274089	0.4092274070248103	0.321583946430841	0.23975449589950673	0.16828594344009332	0.1218305673488098	0.1271625843335109	0.17774584047503275	0.24605629187459147	0.32026505156043455	0.3966365505331338	0.4738555182806631	0.5513938087689422	0.6290318754410368	0.7066866391180404	0.7843400784548915	0.8620062328749968	0.9397159212042592	1.0175085136951498	1.0954267129159976	1.1735170980391374	1.2518243787046932	1.3303949107782989	1.409271408991177	1.4884968454990652	1.5681169958727976	1.648165295915251	1.7286822796123784	1.809704762879653	1.8912685367233735	1.9734057116658792	2.056149328389112	2.1395322347497925	2.223589365644896	2.308349042469161	2.393837750782095	2.4800852274831655	2.5671171033038904	2.654959048577437	2.743637053807111
1.6121391341352451	1.5157016476232306	1.4051879326275423	1.281037442959544	1.1548457556740652	1.0333986994553992	0.9183801090761615	0.8094840732884512	0.7059519051108453	0.6070518950530964	0.512199905302611	0.42099907193486474	0.33331132413228104	0.24949821001682307	0.17134500325870303	0.10651169148057979	0.08563032722729565	0.12890739515268124	0.19654871667034712	0.2700436733019935	0.3451650030266954	0.4207244221540426	0.49632603083112053	0.5718308168276388	0.6472069887566998	0.7224697884260167	0.7976539979219189	0.8728034582304592	0.9479685320795482	1.0231987933273288	1.0985416864417206	1.174048176279637	1.2497617974876358	1.3257318438293253	1.4019951674428954	1.4785963188941522	1.555574005296391	1.6329742190610805	1.710819462538908	1.7891501515661419	1.8679993957980643	1.9473965108787314	2.0273731847154712	2.1079597552534786	2.189185171967961	2.271080319865645	2.353671090164029	2.4369830498882683	2.5210403009231803	2.605865202511767
1.6121391341352451	1.5164276911371084	1.4062805338941202	1.2823708894712547	1.1567675573985605	1.0363740868820661	0.9227803247700673	0.8155522038768621	0.7138211457207247	0.6167640968338056	0.5237089000557686	0.4341478242339813	0.3477549833786042	0.26447722672577917	0.1849103908248351	0.11220043091179069	0.06535422445142765	0.0923980061541928	0.1575532707560965	0.2295140037898307	0.30288891467694024	0.37648724212731416	0.4499777253094938	0.5232649709158737	0.5963434122831835	0.6692444911897629	0.74201362938809	0.8147026296885616	0.88736454578877	0.9600490092608864	1.032810568120586	1.105693892039466	1.1787498640520586	1.2520175885258953	1.325542475261301	1.399368074551581	1.473524940090257	1.5480534922750413	1.6229915931789383	1.6983759038428936	1.7742262854053266	1.8505794179419521	1.927462406420812	2.0049050261069437	2.08293517530835	2.1615793033160586	2.24086441701742	2.3208140429055235	2.40145809882974	2.4828151216707766
1.6121391341352451	1.517080293445875	1.407243403704732	1.283522578147841	1.1584590450608148	1.0390867963006112	0.9269159042310848	0.8213986089544553	0.7215743004701888	0.6265547891817475	0.5356228930027338	0.44823729750151237	0.36403841832540373	0.28291165285909203	0.20524898720338436	0.1331064923030697	0.07711210906165	0.07821179294630674	0.13292163415485275	0.20037304130066114	0.27056138338065583	0.3413966289220156	0.41229528558806544	0.48307353201360087	0.5536831826770756	0.6241333418852308	0.6944573586171986	0.7646984980932219	0.8349040867733103	0.9051222902003673	0.9753977784797915	1.0457802588383036	1.1163092311987526	1.187032213831818	1.25798244360618	1.3292018532427654	1.4007327998042562	1.472598320662406	1.5448372215885708	1.6174813283873064	1.6905696414149736	1.7641225452208424	1.8381630501287085	1.9127213755853247	1.9878248280834114	2.0634993024447477	2.139768693787658	2.216658055452922	2.294188747107665	2.372384895947854
1.6121391341352451	1.5176701622782673	1.4080966408611733	1.2845214875941857	1.159956552986921	1.0415769798477634	0.9308246457963926	0.8270489391183782	0.729209529531472	0.6363699712450412	0.5477940038219187	0.46294992480107144	0.38152245758729786	0.3034923422876635	0.22941926372685048	0.16145806963633805	0.10749582037240325	0.0916541178165025	0.12667176793376989	0.1845071226022807	0.24906837616036023	0.31581987289955055	0.38334254397951145	0.45112135668442754	0.5189492331863105	0.5867513508012957	0.6545129831458324	0.7222467948795501	0.789979697749289	0.8577458302333613	0.9255835239516967	0.9935281437249939	1.0616213621706347	1.1298956752899125	1.1983935674338242	1.2671414136193622	1.3361772064508357	1.4055412201061879	1.4752474273161587	1.5453346640831256	1.615830665261807	1.6867660998773808	1.7581715199365278	1.8300594217256432	1.9024546324554068	1.9753849764041296	2.048874444839016	2.122944352891297	2.197617971452978	2.27291480995431
1.6121391341352451	1.5182060121493517	1.4088565046081105	1.2853910284101815	1.1612894955648174	1.0438773256498768	0.934537745137081	0.8325253761974937	0.7367283367516106	0.6461719992868413	0.560114897090774	0.47805493313234043	0.3997501562521317	0.3253168017744976	0.2555274555434945	0.19267918713887372	0.14307083768800066	0.1209864059966335	0.1381147195448528	0.1825849247275809	0.23888630446290904	0.29997253204658425	0.36314114915344786	0.42728805021666666	0.4919145341456884	0.5567876763160471	0.6217995773249896	0.6869065891068319	0.7520987783641436	0.817384859556046	0.8827822660115767	0.9483179764374448	1.0140187686341717	1.0799127271657734	1.1460292483198402	1.2124037901777207	1.2790552979704322	1.3460176663031531	1.4133250796817016	1.4809936018063445	1.5490506223394336	1.6175236769097865	1.686437016144719	1.7558229891905206	1.82569444477956	1.8960680767628213	1.9669687000412983	2.038420135813714	2.1104415921281614	2.183054334254411
1.6121391341352451	1.5186950088118918	1.4095362822235515	1.2861503017950076	1.1624819143000507	1.0460146764704445	0.9380811085294941	0.837847030116689	0.7441340616840062	0.6559345213187482	0.5725072330350659	0.4933846689480784	0.4183986611440883	0.34778397588757887	0.28245478433999444	0.22466817194422714	0.17940963519728037	0.15566680918735565	0.16142295267573223	0.19292541202866487	0.23951305933960176	0.29362607215852093	0.35149973428410863	0.41135575249227185	0.47232001032925364	0.5339393498751218	0.5959739882436925	0.6582970526699696	0.7208432414533347	0.7835833978706781	0.8465106468670733	0.909630575402351	0.9729528332463291	1.0365013858493657	1.1002893948815058	1.1643434529411563	1.228691967536347	1.293346829491346	1.358337527708132	1.4236928266004907	1.4894298042607095	1.5555656670388678	1.6221272115892387	1.6891357659712543	1.7566161064715584	1.8245868541813544	1.8930644370644698	1.9620612839269838	2.031602774666917	2.1017073594398266
1.6121391341352451	1.5191430995596835	1.4101469318204958	1.2868150323034078	1.1635536291199688	1.0480112484751294	0.9414763765134976	0.8430303416903576	0.7514309692393233	0.6656390757714159	0.5849136026889804	0.508817339980847	0.437241494169982	0.37050062084259217	0.3095603555721726	0.2564945432721226	0.21519352452957966	0.1915805234469446	0.1908561387502569	0.21221873820655152	0.24936537802308195	0.29594928700235024	0.3478906994957225	0.40292068021637545	0.45980691640276833	0.5178588134127246	0.5766831687360132	0.6360509673318425	0.6958290190462654	0.7559405278133045	0.8163438635509936	0.8770174933897565	0.9379589895969977	0.9991671107349646	1.0606578186099773	1.1224353381047287	1.1845209461857493	1.2469373661004828	1.309690122391612	1.3728045882697437	1.4363044718745637	1.500207376702144	1.5645209852009503	1.6292718938192425	1.6944782567114205	1.7601570556390382	1.8263344104760788	1.8930191972474653	1.9602284537722532	2.0279732303743807
1.6121391341352451	1.519555262264563	1.4106975655911338	1.2873982692256147	1.1645211072629251	1.049885560359854	0.9447417267747852	0.8480894570349853	0.7586237024926471	0.6752727740825349	0.5972918403272909	0.524264527661301	0.45612063598559455	0.3932121565478898	0.33648137517082705	0.2877447515240791	0.2500050795734266	0.22728568837141114	0.2229828404327184	0.237176911045273	0.2662771477464717	0.30560710327837554	0.3514433420822453	0.40135775162075626	0.45387896088731094	0.5081172696395583	0.5635312901245854	0.6197879086603812	0.6766788977036502	0.7340736835120679	0.7918913443197382	0.8500833524916809	0.9086199797875181	0.9674899151798142	1.0266855691823074	1.086215023406587	1.146077145706451	1.2062882911880577	1.2668620301101434	1.3278029200995842	1.389131196002934	1.450866208461166	1.5130253630592956	1.5756077225449692	1.6386401677591917	1.7021374345276403	1.7661129886815088	1.8305899721739758	1.8955794933099137	1.9610953284740453
1.6121391341352451	1.5199356956063093	1.4111958179043265	1.287910920946166	1.1653981273949223	1.0516531497168202	0.9478925080792762	0.853036560781854	0.7657169583300595	0.6848267008021208	0.6096109732195292	0.5396621739918462	0.4749264740842153	0.4157554121334084	0.3630153290929169	0.3182407098341167	0.28372646389231637	0.26225302598541506	0.2560546474991834	0.26538364671024517	0.28813675169512726	0.3210469698727048	0.3610506279840217	0.4058525417281399	0.45390292180865943	0.5041921699482403	0.55606422093365	0.6090936727970367	0.6630019485994483	0.7176051396398252	0.7727817068038003	0.8284510665032983	0.8845610891635658	0.9410809254289838	0.9979872535224792	1.0552748059606525	1.1129388272556295	1.170978549281086	1.2294056297430354	1.2882245896624387	1.3474401302497998	1.407067636103546	1.4671229262568233	1.5276205704210133	1.5885585622050682	1.6499574966334662	1.7118308128638033	1.7741902768904174	1.8370544309570829	1.9004374433014757
1.6121391341352451	1.5202879661135018	1.4116481290470433	1.2883621669036995	1.1661962930743621	1.0533271311453625	0.9509417441558358	0.8578821656371486	0.7727153007069624	0.6942947957819251	0.6218483099786369	0.5549640709643995	0.4935836095418452	0.43802736293768363	0.3890528175939494	0.34791653010534196	0.3163517632820849	0.29629136357592545	0.28920350607266465	0.29529251330136036	0.3132425899583104	0.34078548572530554	0.37553225921799255	0.4154816700847097	0.45914568714264525	0.5054816687063244	0.5537687770585755	0.6035153359357048	0.654385273453964	0.7061473357359663	0.7586419264759219	0.8117588790795204	0.8654230401723062	0.919579709475266	0.9741984272404947	1.0292516289089648	1.0847327370710467	1.1406268826465376	1.1969355176086225	1.2536660341284385	1.310815351113737	1.368388463689388	1.4263965331490336	1.484852577820628	1.5437681836292305	1.6031407864044918	1.6629854055996505	1.7233135366141927	1.7841367137870197	1.8454680207271705
1.6121391341352451	1.5206151230612532	1.412059966334493	1.2887597786442726	1.1669254339239015	1.0549186352211117	0.9539005368687764	0.8626353606121291	0.7796230590114868	0.7036730646419902	0.6339873283727059	0.570137143799339	0.5120408674798302	0.45996466680095605	0.414539194881706	0.37676158524347436	0.3479191272721704	0.329347457636004	0.3219953222917613	0.3259655952874851	0.340361080947684	0.36357377989099315	0.3937781724892442	0.42931065142666547	0.4688311182928423	0.511335391345561	0.5560891542922316	0.602566201702619	0.6503918335414665	0.6992990456886609	0.7490969232277179	0.799648952827349	0.850856234151696	0.9026496320215259	0.9549792513240675	1.0078092650563546	1.0611152061196107	1.1148876320505479	1.1691059385981672	1.2237719730803411	1.2788908264085703	1.334452028921571	1.3904620663952074	1.4469282234561887	1.503861298050688	1.561269902387295	1.6191511873873206	1.6775149671642848	1.7363721991125658	1.7957328735797837
1.6121391341352451	1.5209197891475397	1.4124359981196524	1.2891103725004058	1.1675939220827143	1.0564371568129862	0.9567783908673704	0.8673040221807337	0.7864442788762989	0.7129590156090084	0.6460161297669723	0.5851580191406338	0.530264268651675	0.48153026642449964	0.439452328326988	0.40479276125561836	0.37848339800892766	0.3614279778620357	0.354213833250228	0.35684277740280357	0.3686451613524067	0.3884404531804237	0.4148323447688352	0.4464707630586735	0.4821978488618477	0.5210929923335964	0.5624505406905944	0.6057399093983881	0.6505689981273587	0.6966483327104068	0.7437648695611654	0.7917607653454145	0.8405199369409642	0.8899575415601132	0.9400069785991116	0.9906271780431792	1.04177690481374	1.093438490602435	1.1455940476845166	1.198227543202619	1.2513360925925785	1.3049248121322516	1.3589760742620371	1.4134988568580076	1.46849692003118	1.5239794713197	1.5799520433522927	1.6364117801175806	1.6933635990274085	1.7508189412788748
1.6121391341352451	1.5212042327110193	1.4127802320005165	1.2894196102700057	1.1682089240458162	1.0578908337189223	0.9595834766161576	0.8718949931469855	0.7931827049709786	0.722151254224476	0.6579262989566584	0.6000105155678278	0.5482320709091206	0.5027045693422826	0.463789459672989	0.4320403228389363	0.4081042615798826	0.39256606706744834	0.38575603746701714	0.3875904767906484	0.39752754919222255	0.4146646011715931	0.43791911601988853	0.46620405605615217	0.4985428154150573	0.5341199476541089	0.5722851361826659	0.6125281128503016	0.6544578157030976	0.6977770703243353	0.7422599056993683	0.7877354475527475	0.8340741788177976	0.8811768513534404	0.9289698210849612	0.9773956859953448	1.0264135259392981	1.0759878931305695	1.1261017986839594	1.1767306902812125	1.2278645661453578	1.2794990973101124	1.3316334869760302	1.3842495772605856	1.4373573497811514	1.4909575704350484	1.5450583604501102	1.599662167721972	1.6547661750334586	1.7103712891404257
1.6121391341352451	1.5214704257384153	1.4130961255073122	1.289692359924471	1.1687766027039275	1.0592866712473905	0.9623228447661395	0.8764142338641946	0.7998417828794695	0.7312491893111246	0.6697120565664098	0.6146837986409001	0.5659312555088023	0.5234795959347572	0.48755930090061483	0.45854047746813137	0.43684094507670995	0.42280596255867986	0.4165797556347495	0.41801082632960657	0.42663220069030133	0.44172507163909214	0.4624331191124924	0.48787877829461884	0.517247785816446	0.5498340517424031	0.5850553655612747	0.6224382405106613	0.6616081256434815	0.7022715223984922	0.7442000237198501	0.7872162758227232	0.8311823047932207	0.8759909331334031	0.921560912899207	0.9678243221042868	1.0147365576916414	1.062253404360627	1.1103481432399545	1.1590044415796057	1.208192684624132	1.2579081695702945	1.3081462273141802	1.3588983293711314	1.410152333259922	1.4619139815388311	1.5141831120920481	1.5669674077081572	1.6202661840743484	1.6740763451742262
1.6121391341352451	1.5217200908233832	1.4133866754450668	1.2899328253102469	1.1693022806639388	1.0606307244906459	0.9650026018156231	0.8808669500104539	0.806424671922086	0.7402528181199304	0.6813696244493699	0.6291710170888706	0.5833550243339374	0.5438550640640869	0.510777204673292	0.4843313890871423	0.464749871466807	0.45219558925723513	0.4466761983506934	0.4479882342433879	0.45571093928444056	0.4692502699892852	0.4879131835943577	0.5109847796516357	0.5377882018477902	0.5677202920763725	0.600269254202336	0.6350081157184886	0.6715883539514235	0.7097303530560606	0.7492108373265731	0.789852472941169	0.8315146835287162	0.8740867959352571	0.917480000655018	0.9616251519421832	1.0064662111773004	1.0519626023671367	1.0980749506996605	1.1447820767777521	1.1920607416516233	1.2398913075014497	1.2882651266739003	1.3371798821933856	1.3866201576091928	1.4365797057072358	1.487060654121231	1.5380621357359197	1.58959185900212	1.6416459496421416
1.6121391341352451	1.521954739458238	1.4136544905287827	1.2901446515682105	1.1697905731864142	1.0619282472364129	0.9676280548448855	0.8852577006041303	0.8129342638187392	0.749162568318587	0.6928967473902345	0.6434682892732269	0.6005010075941453	0.5638357486396325	0.5334621784793208	0.5094510350551151	0.4918837147077159	0.4807829145898729	0.4760550452368978	0.4774577380576462	0.484600683931284	0.4969770935399108	0.5140130346621011	0.5351187558649285	0.5597301382147782	0.587335390252618	0.6174896176659124	0.6498156765373726	0.6839969235970068	0.719773370724798	0.7569335227732733	0.7953058555616611	0.8347519316713268	0.8751600749822138	0.9164394028666911	0.9585196494301895	1.001338647719981	1.0448543969015323	1.0890243395265613	1.1338198339355094	1.1792222799553098	1.2252032394375423	1.271751235169937	1.3188562466347322	1.366516402782132	1.4147115769167404	1.4634404949845419	1.5127027826001371	1.5624968715532621	1.6128307221657963
1.6121391341352451	1.5221757034733936	1.4139018508325805	1.290331011386671	1.17024549709063	1.0631838143496564	0.9702038313434868	0.889590489415687	0.8193732039976884	0.7579791811279816	0.7042923304286707	0.6575739461660728	0.6173699737074005	0.5834296888682807	0.555635025614568	0.5339360763215412	0.5182911343715544	0.5086141703448374	0.5047360606675452	0.5063859548642065	0.5131951858755026	0.5247200254951144	0.5404748438904529	0.5599662345890478	0.5827211358057285	0.608305829392794	0.6363367080944792	0.6664847122746288	0.6984671402300706	0.7320479028388784	0.7670309737047655	0.8032549020175063	0.8405869158058232	0.8789176791540944	0.9181589953223802	0.958237485404383	0.9990932823959544	1.0406771753986062	1.0829527700058779	1.1258814295375443	1.1694417941328088	1.2136142824279703	1.2583723863562604	1.3037085147131002	1.349614828209159	1.3960834011642613	1.4430962290033222	1.490655189028293	1.5387575746428526	1.5874013491685532
1.6121391341352451	1.5223841610136581	1.4141307567495938	1.2904946760164924	1.170670560519978	1.0644014229305494	0.9727339789037049	0.8938688424453444	0.8257439135859617	0.7667036244634267	0.7155561623048874	0.67148796326521	0.6339648963706892	0.6026469647801558	0.5773171864358797	0.5578212956858126	0.5440168398437594	0.535733034731506	0.5327442627228806	0.5347593899987982	0.5414264165751066	0.5523487782895418	0.5671075935890628	0.585284140426076	0.6064784785125532	0.6303223367519576	0.6564863823227557	0.6846853850893913	0.7146710573133297	0.7462320488648245	0.7791905905348959	0.8133977209611005	0.8487292086639944	0.8850819826442242	0.9223706154507492	0.960522385345295	0.9994810808115101	1.0391940007625202	1.0796250772191247	1.1207365544575567	1.1625015133775574	1.2049018960403588	1.2479128784086815	1.2915185156069362	1.3357088484306052	1.380479614281726	1.425817636049905	1.471708139189911	1.5181544264484408	1.5651525006625415
1.6121391341352451	1.5225811581281818	1.4143429695521843	1.2906380740739019	1.1710688373428664	1.065584576374578	0.9752220485217292	0.8980958737007255	0.8320486109279884	0.7753370281135494	0.7266887035332071	0.6852115325270504	0.6502902773127494	0.6214988597271488	0.5985300208948989	0.5811393579488028	0.5691018082974176	0.5621803188674853	0.5601070915374168	0.5625771237314461	0.5692522474444032	0.5797724057018303	0.593770259518887	0.6108856171656712	0.630777301093617	0.6531313714592917	0.6776656777707355	0.7041335474861937	0.7323196080462951	0.7620371508022787	0.7931273702614572	0.8254556811452813	0.8589084654632984	0.8933898964739982	0.9288194092265382	0.9651291952672929	1.0022632191891494	1.040172484563765	1.0788174043468457	1.1181671742983053	1.158187663890394	1.1988594444678486	1.2401673279181828	1.282083279570588	1.324599949650458	1.3677066559840547	1.4114009689856613	1.4556643173973902	1.5004899718899969	1.5458776746346352
1.6121391341352451	1.5227676268176784	1.4145400451774974	1.2907633404896042	1.1714430291461826	1.06673635456394	0.977671164514627	0.9022743411652169	0.8382893319487429	0.783880635201168	0.7376909232679336	0.6987467386203393	0.6663516532301207	0.6399972868552692	0.6192943721912926	0.6039207523910465	0.5935835663035037	0.5879939195875863	0.5868527359794871	0.5898461570911899	0.5966482192702314	0.6069280790552881	0.6203590896294321	0.6366275518881306	0.6554397553132706	0.6765267149583241	0.6996466151140973	0.724586531392407	0.7511611230201387	0.779207352197117	0.8085851832963835	0.8391749491211485	0.8708744534610627	0.9035967666766175	0.9372676503488261	0.971825160191499	1.007214591114296	1.0433930890787106	1.0803188873307807	1.117963658033488	1.1562953997356453	1.195291726436239	1.2349368300003287	1.275210289941865	1.3160947346106489	1.3575817255657785	1.39966483403672	1.4423359505303257	1.4855791699238432	1.52939195636691
1.6121391341352451	1.5229444001970966	1.4147233625144784	1.2908723574743508	1.171795517148919	1.067859472760845	0.980084083419453	0.9064066944989446	0.8444679490331399	0.7923357657498046	0.7485641732333556	0.7120963133642382	0.6821552362076758	0.6581543975186462	0.639630310890971	0.6261938369453028	0.6174964886536083	0.6132089105306844	0.6130091475957182	0.6165784063502262	0.6236019846096406	0.6337731537619669	0.6467981134063654	0.6624006525412487	0.6803257148426817	0.7003415555946404	0.7222405260710667	0.7458392012509528	0.7709787961694367	0.7975181723485786	0.8253355771980683	0.8543258608071711	0.8843987502593259	0.9154767599991288	0.9474936189076494	0.9803925872422803	1.0141238896966411	1.0486475301597087	1.0839253166622258	1.1199280469209123	1.1566310746378707	1.1940064331533282	1.2320383529096541	1.2707154217755092	1.310012641398282	1.349922147457734	1.3904345564181755	1.4315472193463168	1.4732477931482806	1.5155215779275386
1.6121391341352451	1.5231122253000051	1.4148941472037306	1.2909667889546872	1.1721284058681907	1.0689563312340793	0.9824632438212558	0.9104951158018028	0.8505861882750135	0.8007037892959982	0.7593100899842882	0.7252634490424125	0.6977076514042486	0.675982315897395	0.6595569953325706	0.6479849368780097	0.6408720908526048	0.6378577012658846	0.6386034699892821	0.642788739579911	0.6501095141299372	0.6602795382702105	0.6730321032930664	0.6881217051398991	0.7053250826288181	0.7244414734262642	0.7452921272000455	0.7677192971231507	0.7915871015717864	0.8167747544802381	0.843177073144309	0.8707032856397219	0.8992748566009494	0.9288240349894522	0.9592923985902766	0.9906290882762323	1.022791097632868	1.0557402181327153	1.0894447370808098	1.1238745728477941	1.159009144148299	1.194822562971181	1.2312979053453263	1.2684230712641806	1.306182210738299	1.3445579654590627	1.3835449024654802	1.4231354057439232	1.463326199250776	1.50410299383584
1.6121391341352451	1.5232717739405108	1.4150534917513178	1.2910481096578519	1.172443560031122	1.070029057254475	0.9848108086410097	0.9145415545006627	0.8566456450730621	0.8089861042867481	0.769930518920105	0.7382516562765642	0.713015745986088	0.6934929616144112	0.6790926069219985	0.6693184701824022	0.6637393039718701	0.6619702255477525	0.6636617227052567	0.6684936835074757	0.6761724803847691	0.6864296731710497	0.6990213607114973	0.713727595033888	0.7303515642043172	0.7487184496554586	0.768673983009637	0.790082785212659	0.8128282892422455	0.8368085150923374	0.8619334791357925	0.8881255417948711	0.9153175502074851	0.9434512855611238	0.9724764096940036	1.0023488150224795	1.0330314450789493	1.0644896018935095	1.096697142924285	1.1296254823524914	1.1632557103086054	1.1975687732156557	1.2325439703016614	1.268169582720935	1.3044379022137471	1.3413281771404566	1.3788332191824149	1.4169461504655538	1.455663847805162	1.494978011632585
1.6121391341352451	1.523423651969942	1.4152023726026515	1.291117629777343	1.1727426358745543	1.0710795407674447	0.9871287011612714	0.918547757287458	0.8626477981409134	0.817184122601226	0.7804274550927716	0.7510646557759361	0.7280864504649123	0.7106979339158985	0.6982543333385924	0.6902170833316869	0.6861247270990986	0.6855741371781721	0.6882086422445256	0.693710568247112	0.7017964369848188	0.7122136404344233	0.7247378470265851	0.7391707139549715	0.7553376954913591	0.7730858716363669	0.7922817955500777	0.8128093915918254	0.8345688973039972	0.8574748055190207	0.8814510336415006	0.9064321085355241	0.9323614441244199	0.9591901079049368	0.9868754112517379	1.0153807069119547	1.044673716530461	1.0747258378290976	1.105513407569448	1.137013882506179	1.1692079468762375	1.2020823412218076	1.2356168701937211	1.2698006467132303	1.3046254400724158	1.3400800056788607	1.3761483654700628	1.4128282030822958	1.450112213626129	1.488001205545855
1.6121391341352451	1.5235684071973783	1.415341664695542	1.2911765159732556	1.1730271078180385	1.0721094648101983	0.9894186358064585	0.9225152938539798	0.8685940220126425	0.8252992579449857	0.7908029970415199	0.7637062959411103	0.7429266787359327	0.7276084390094104	0.7170583819485632	0.7107017878907367	0.7080528561402406	0.7086950017965025	0.7122676202150342	0.7184569619235669	0.726989541452578	0.7376270706230419	0.7501623026895938	0.7644154374963124	0.7802309037629045	0.7974744317964865	0.8160303815134524	0.8357993141586237	0.856696200931439	0.8786498567698067	0.9015966524642025	0.9254823289476983	0.9502600954584813	0.9758895647396664	1.0023358696817084	1.0295688761070874	1.0575616062212518	1.0862918131366284	1.1157380361617568	1.1458846468394142	1.1767123067999308	1.208210660924853	1.2403658874703005	1.2731645112914558	1.30659885556799	1.3406650874031043	1.3753466406038581	1.410638078159741	1.4465350806760864	1.4830351408535696
1.6121391341352451	1.5237065361945237	1.4154721539117152	1.2912258093257898	1.1732982912635896	1.073120331534455	0.9916821445284459	0.9264455790664138	0.8744855981803585	0.8333329171864543	0.801059310768312	0.7761804902718663	0.7575432567692607	0.7442352476263616	0.7355200117474818	0.7307920926102786	0.7295462895423828	0.7313564785368718	0.7358607011116496	0.7427502993573466	0.7517616538684736	0.7626696176134133	0.7752820928080341	0.789435421973108	0.8049904001239763	0.8218287934263978	0.8398502925113164	0.8589698507261813	0.8791154377068439	0.9002280332094637	0.9222556098279978	0.9451535972513122	0.9688843293820292	0.9934155183742494	1.0187194330399254	1.0447721447123723	1.0715526015201102	1.099043496149763	1.1272274429441989	1.1560925902214145	1.1856240612553226	1.2158117046450754	1.246649038797649	1.2781206353129957	1.3102217760228594	1.3429481072856733	1.3762921954334706	1.4102408053590825	1.4447944934309365	1.479948008745177
1.6121391341352451	1.523838490163753	1.4155945477690344	1.2912664407290027	1.1735573621538422	1.0741134845495852	0.9939205994918967	0.9303398921052561	0.880323724969378	0.8412864939329726	0.8111986016385657	0.7884911699940027	0.7719428725673413	0.7605886737003767	0.7536535761118005	0.7505061281389137	0.7506259124141572	0.7535804887363555	0.759008616019231	0.7666076418260596	0.7761236979772592	0.7873438400407385	0.8000895882378869	0.8142115258997894	0.8295847320078338	0.846104896147894	0.8636850067943648	0.8822525294138769	0.9017470068321719	0.922119566717225	0.9433287900233865	0.9653390495996793	0.9881206507400383	1.011648749233319	1.035902334444584	1.0608632637291353	1.0865164860258774	1.112848670338361	1.1398478292316487	1.1675044215844368	1.1958094200577705	1.2247534013568713	1.2543322478155379	1.2845368686979066	1.3153602840221128	1.3467990285735274	1.3788526205831113	1.4115084131297848	1.4447635444764986	1.4786161785012535
1.6121391341352451	1.5239646800172801	1.4157094846360785	1.2912992441479094	1.1738053738088545	1.0750901281639698	0.9961352326267321	0.9341993930209367	0.8861095262953136	0.8491613638155188	0.8212230925030622	0.8006422484123644	0.7861320419113015	0.7766785676889546	0.7714725712685654	0.7698607630022015	0.7713110608944812	0.7753873707183586	0.7817308371471609	0.7900455259278002	0.8000872073167902	0.811654376526194	0.8245809431369554	0.838730207134781	0.8539898553606181	0.8702677855500702	0.8874886126057538	0.9055907435672689	0.9245239300159794	0.9442481263904153	0.9647313739722683	0.9859459106445047	1.0078694931746108	1.0304839221978808	1.053774268567712	1.0777282226483527	1.1023357060334769	1.1275876179067408	1.153477334386993	1.1799974215814548	1.2071445286963616	1.2349101509686302	1.2632925150207468	1.2922894266953928	1.3218909426361325	1.352097604262257	1.3829088313308349	1.414320254024824	1.4463219269831156	1.4789171408627808
1.6121391341352451	1.5240854807872424	1.4158175417003258	1.2913249680563825	1.1740432714665183	1.0760513440001953	0.9983271525312635	0.9380251370793102	0.8918440593996062	0.8569588810824221	0.8311350067103592	0.8126375943149544	0.8001170858397908	0.792514319945471	0.7889896871431864	0.7888717104092594	0.791619668720445	0.7967960207212986	0.8040456435539689	0.8130798732585228	0.8236640028799638	0.8356073347251308	0.8487551675048011	0.8629822826592992	0.8781876142907402	0.894289867542022	0.9112239057541169	0.9289377661881689	0.947390193093721	0.9665490106981984	0.9863904917021331	1.0068939902361387	1.0280439027871573	1.0498281191433776	1.0722373307355744	1.0952645500854519	1.118904203961299	1.1431517715526345	1.1680047493910193	1.1934589365350072	1.2195141454619756	1.2461666719349038	1.273415009799187	1.3012605502187409	1.3296979134656703	1.3587261184678325	1.388345607550893	1.4185583558690278	1.4493558087391791	1.4807376546221616
1.6121391341352451	1.52420123546928	1.4159192418772681	1.2913442853536865	1.174271904869449	1.076998105389408	1.0004973591199475	0.9418180872189659	0.8975283216979908	0.8646803761875604	0.8409365549762222	0.8244810123780154	0.8139041168198783	0.8081048708553213	0.8062168584177762	0.8075536259810965	0.8115683978972156	0.8178240206013849	0.8259701919181698	0.8357259416210018	0.846865964954784	0.8592098371345968	0.8726134203919116	0.8869619654752869	0.9021645396676542	0.9181495044716377	0.934860831378743	0.9522550919170325	0.9702989937849503	0.9889674669891451	1.0082437170257599	1.028113893353975	1.0485680691455193	1.0695997486939883	1.0912048100549245	1.1133808526114928	1.1361267341056656	1.1594423348169542	1.1833283313655383	1.2077849973651302	1.232813847796033	1.258416500189244	1.2845919943579394	1.3113439688509658	1.3386729894515663	1.3665759890784983	1.3950564464071544	1.4241177306708914	1.4537578885811278	1.4839705731781476
1.6121391341352451	1.524312258380733	1.4160150598243464	1.291357801968361	1.174492039204651	1.0779312898770836	1.0026467563440995	0.9455791248846881	0.9031632568252271	0.8723271541472257	0.8506299253055043	0.8361762289884533	0.8274990313467556	0.8234587254003874	0.8231653144305495	0.8259201967985386	0.8311727552419116	0.8384877532165994	0.8475205884715581	0.8579983045288029	0.8697048728103358	0.8824696826085586	0.8961584691138033	0.9106661139688065	0.9259108974188094	0.9418298851796691	0.9583752091472736	0.9755110573055586	0.9932112301895136	1.0114571529347423	1.0302378175778903	1.0495456120443072	1.06937591819708	1.0897271316996318	1.1105997416207474	1.1319957063686437	1.1539179532379662	1.1763703292637921	1.1993565285020773	1.2228811622568454	1.2469473867368952	1.27156130588387	1.2967235048241061	1.322439111231179	1.3487140761812446	1.3755457037367422	1.402938589877565	1.4308965742470328	1.459423431018961	1.488514464133537
1.6121391341352451	1.5244188381053005	1.4161054271863662	1.2913660643617142	1.1747043646236162	1.0788516901070269	1.004776163270009	0.9493090594631026	0.9087497599772786	0.8799004934793332	0.8602172753275806	0.8477268822574889	0.8409075072632437	0.8385839704797117	0.8398456270728053	0.8439842223248807	0.8504471964218522	0.8588025065162039	0.8687119596820122	0.8799108498410381	0.8921922934954818	0.9053950938190912	0.9193942740274457	0.9340936447849137	0.9494199325546494	0.9653181142260394	0.9817476904873884	0.9986796949451576	1.0160942840302556	1.0339787886637741	1.05232710424672	1.0711375007160342	1.0904099726420913	1.1101473463866338	1.1303543150748088	1.1510367935570505	1.1722015464193825	1.1938558075862136	1.2160063769553293	1.2386615359220348	1.2618267122848708	1.2855105005081606	1.3097177809615117	1.3344541657292022	1.3597275466475123	1.3855405183664125	1.4118961722889896	1.4388001915355118	1.4662595449321802	1.4942739996572931
1.6121391341352451	1.5245212400809214	1.4161907371840967	1.2913695660754017	1.1749095045644562	1.079760023325743	1.0068863237430257	0.9530086365232764	0.9142886826331523	0.8874016455893788	0.869700726547646	0.8591365152788663	0.8541350045215647	0.8534882938031119	0.8562677562064123	0.8617576878297148	0.8694052189366298	0.8787825673741094	0.8895585202397512	0.9014767911530956	0.9143395063123216	0.9279945289109471	0.9423256687999118	0.9572450720577625	0.9726872669588513	0.9886044763974225	1.0049629051304887	1.0217397827189818	1.0389209966913824	1.0564991902671472	1.0744727526526567	1.0928450356082269	1.1116202405262985	1.1308053283226775	1.1504086982367512	1.1704399473982923	1.1909091370593743	1.2118266522924586	1.233202615465689	1.2550476924544476	1.2773708486120163	1.300181906621685	1.3234903428401228	1.3473019225255602	1.371626599541263	1.396472248095684	1.421840174394694	1.4477393076970462	1.4741763854689394	1.5011564590237176
1.6121391341352451	1.5246197088819735	1.4162713486423164	1.2913687534665055	1.1751080230235214	1.0806569396966326	1.0089779148387403	0.9566785450122351	0.9197808367269091	0.8948318344964812	0.8790823601171643	0.8704085718893652	0.8671867684208912	0.8681790035176512	0.8724410923564544	0.8792518309542727	0.8880594453345968	0.8984413061715196	0.9100736375214902	0.9227086874921143	0.9361574532592758	0.9502765413514923	0.9649581136642414	0.9801221446850006	0.9957104182881302	1.0116818414920021	1.0280087618193934	1.0446740550340572	1.0616688088184214	1.0789904712374292	1.0966415725857197	1.1146298039594502	1.132963454467812	1.151652966338512	1.1707103109536359	1.190148216999277	1.2099798827478363	1.2302185065912474	1.2508774204995814	1.271969231111804	1.293506441768985	1.3155001145268312	1.3379631055149823	1.3609029980809433	1.384330678133123	1.408257563475655	1.4326876458192712	1.4576289874268327	1.4830894858723729	1.5090791527462217
1.6121391341352451	1.5247144702353703	1.4163475895294466	1.291364030743755	1.1753004309493522	1.0815430295937398	1.011051554264783	0.9603194235614807	0.9252269983375881	0.9021922568155621	0.8883642138102795	0.8815463943557518	0.8800678345932519	0.882663047982352	0.8883744965990791	0.8964772020459191	0.9064216978018065	0.9177912530688648	0.9302698921317283	0.9436184682070382	0.9576567083821533	0.9722496761151205	0.9872975047344313	1.0027275600032983	1.0184884145598891	1.0345451815321527	1.0508758744878615	1.0674685481531376	1.0843190378620222	1.1014291620698564	1.11880530775136	1.1364588520537673	1.1544019528728753	1.1726482212421785	1.19121271623272	1.2101111463684906	1.2293595279737146	1.2489737375843029	1.268969751892176	1.289362227290097	1.310166912474822	1.3313961127319363	1.35306488891557	1.3751842740549336	1.3977655507478906	1.420821621895887	1.4443614200912283	1.4683910579709933	1.4929215787390626	1.517962752234107
