1.569989365375609	100.0	100.0	100.0	100.0	100.0	100.0	100.0	100.0	100.0	100.0	100.0	100.0	100.0	100.0	100.0	100.0	100.0	100.0	100.0	100.0	100.0	100.0	100.0	100.0	100.0	100.0	100.0	100.0	100.0	100.0	100.0	100.0	100.0	100.0	100.0	100.0	100.0	100.0	100.0	100.0	100.0	100.0	100.0	100.0	100.0	100.0	100.0	100.0	100.0
1.5634862911470084	1.4937778812333316	1.3881826367841041	1.2665053522640934	1.1448445721288518	1.0293134703011662	0.9209449552652949	0.8192557763241353	0.7235526130490361	0.6333144097354042	0.5483182940615571	0.46874633747186556	0.39538210752485864	0.3299981847680633	0.2760159486541778	0.23911446831953065	0.22595740580757367	0.23910267008044347	0.27383674841518607	0.32261998626072375	0.37964235051113127	0.4414357148189409	0.5060735401087522	0.5724745800908819	0.6400235498236211	0.7083619503634485	0.7772788649269695	0.8466510055076251	0.9164080074699453	0.9865118914126346	1.056950826363614	1.1277195373357645	1.198832113275508	1.2702958678768934	1.3421333383369745	1.4143704286207035	1.4870195600331018	1.5601092464307789	1.6336636885394493	1.707716520722772	1.782279392636218	1.8573767200190516	1.9330328005964843	2.009272657284299	2.0861196754435447	2.1635964272289185	2.24172649299256	2.3205302042803386	2.4000318542015004	2.4802535555606005
1.5586084372887374	1.4906821100086913	1.38642467647584	1.265308806267144	1.1437041359323146	1.0279770395708383	0.9192719575988064	0.8171391915158748	0.7208833435696518	0.6299603235582812	0.5441052430141483	0.46343563589317666	0.38864449744064916	0.32140130779436454	0.2651030772478628	0.22577817639401823	0.21111734424642772	0.22450924890460686	0.260665847889924	0.31108436327046834	0.36952744193330017	0.4324598538144323	0.49799687296572964	0.5651121539350896	0.6332359988799809	0.7020440010438885	0.771349869027218	0.8410483287667448	0.9110820578053084	0.9814232508405097	1.0520672087358858	1.1230144409857248	1.194283520433021	1.2658851736682482	1.3378448246147896	1.410190582667417	1.4829367572203085	1.5561133505409395	1.6297458290170461	1.7038687951217382	1.7784949837787134	1.8536494682914744	1.9293571918733199	2.005643700501754	2.082532848701908	2.160047672829802	2.238212096950021	2.3170468296487483	2.396576320681899	2.4768230670177123
1.5552561041143993	1.4883469347832128	1.3851330769173849	1.2644630515545874	1.142868027449858	1.0269312226616298	0.9178952030677799	0.8153381929396329	0.7185604376560665	0.6269941449104598	0.5403322328777123	0.4586264082059783	0.38247292188504106	0.3134180050403943	0.2547859617494073	0.21290149473009	0.1965846723392853	0.2102617516365201	0.2479679586590537	0.30009083121449304	0.3599634241287574	0.4240141651065234	0.49041926101105643	0.5582159885818714	0.6268835835557477	0.6961328318512863	0.7658022299359882	0.8358043242953045	0.9060945378101862	0.9766549141772229	1.047487605887009	1.118598650185656	1.1900108871703847	1.261738273298883	1.3338089650027325	1.4062531590059704	1.4790869081896298	1.5523416456348749	1.6260440128634837	1.7002295132867167	1.7749119095307972	1.850116882535603	1.9258699783866307	2.002197228702499	2.079122924655409	2.156670538289642	2.234864312325478	2.3137253102071464	2.393278118585568	2.473545601274267
1.5533305516701041	1.486745651397148	1.38429611723903	1.2639600247016254	1.1423290961099586	1.0261689057411414	0.9168073006598138	0.813845039218896	0.7165759289693389	0.6244081050636999	0.536992669592826	0.4543152875336621	0.37687124975477126	0.306065946801416	0.24510085149383554	0.2005239769895945	0.18237754395159572	0.19638274516329138	0.23577449408102838	0.28966360058173	0.35096366981438915	0.4161036299671011	0.4833401886874897	0.551782154330434	0.6209602762588164	0.6906211521793542	0.7606279164108534	0.8309105530553701	0.9014368085299082	0.9721981879929122	1.0432033554903337	1.1144635920738886	1.1860057678576568	1.257846872260151	1.330017630793605	1.4025501992824523	1.4754622362507832	1.5487865339092943	1.6225508200600907	1.6967914304564204	1.771523096960109	1.8467720575662772	1.9225644182728654	1.9989266586860006	2.0758834739609138	2.1534587433158956	2.2316770031034308	2.3105596495016028	2.3901313864057228	2.4704154272589833
1.5527346063932548	1.485851105969169	1.3839018764838802	1.2637916067956076	1.1420801878076472	1.0256829769548164	0.9160008347737347	0.8126519022120898	0.7149216508557343	0.622194042594578	0.5340792588787188	0.4504977675591538	0.3718417866134277	0.2993616612597102	0.2360864205539828	0.18869355448578526	0.16852044674515723	0.18290143258669578	0.22412205035627872	0.2798284768372575	0.3425413253526822	0.4087324898765242	0.476758400830445	0.5458061025586156	0.6154595895339531	0.6855013510979749	0.7558186907761534	0.8263584588659159	0.897100186874891	0.9680443845952125	1.039205850907464	1.110600773581304	1.1822598217485079	1.2542028004342423	1.3264628327774817	1.3990738919997803	1.4720551248417628	1.545440584495185	1.6192590025730873	1.6935474775268653	1.7683216513475313	1.843608268073633	1.9194339504584632	1.9958255866632957	2.0728082482364147	2.150406188003952	2.228644212765019	2.3075440294726266	2.387130439663212	2.4674269894288936
1.553373208328476	1.4856358079420664	1.383938261582519	1.2639496358042108	1.1421141545582008	1.025466336935013	0.9154683784840154	0.8117508845929735	0.7135892591684584	0.6203434297375819	0.5315840252381473	0.4471681754921103	0.36738509201997793	0.2933199954253315	0.22778312751776814	0.17746797014719953	0.15504649075501772	0.16985562972364396	0.21305292950578408	0.27061256780694626	0.33470901726844365	0.40190408434955205	0.4706718231815328	0.5402826418085045	0.610374575546072	0.6807655071573983	0.7513661326705744	0.8221393841317394	0.8930759545875322	0.9641848333806702	1.0354865508187185	1.107001789305271	1.1787648192712061	1.2507980169431998	1.3231367247954986	1.3958165872522166	1.468858118918837	1.5422965339939523	1.6161614841907823	1.690490760231989	1.7653008547776063	1.8406189671876791	1.9164721943265914	1.9928877888348155	2.0698911770391097	2.1475069496072123	2.2257601608642066	2.3046728069028255	2.3842697670609625	2.4645749037865876
1.555153891282962	1.4860720416406719	1.384393035650599	1.2644259189266485	1.142423863990677	1.0255119091188187	0.915202506679383	0.8111340376065376	0.7125702561585759	0.6188474020455401	0.5294983393729158	0.444319663153408	0.36349982289673477	0.2879535467482187	0.2202322621096966	0.16691618110458525	0.14200067180380105	0.1572943706679149	0.20261554175152685	0.2620438542006885	0.3274785220606554	0.3956206933360037	0.46507747503564206	0.5352059344973951	0.6056978302609322	0.6764054010992647	0.7472616239446143	0.8182445769362509	0.8893553717801632	0.9606108922165265	1.0320369391983417	1.103658329104004	1.1755126479336264	1.2476246145701686	1.3200316068955948	1.3927707907754483	1.4658639261268782	1.5393472867336955	1.613251360049956	1.6876145580674715	1.7624541645969143	1.837797783274517	1.9136729418491447	1.9901072190702707	2.067126364858666	2.1447552938675973	2.2230192394802213	2.301940509413207	2.38154402668838	2.4618539538884185
1.5579871915651666	1.4871319750305596	1.385253846356897	1.2652122448582102	1.1430022086308524	1.0258126497956401	0.9151958089655297	0.8107933788355727	0.7118560151415508	0.6176967908881009	0.5278129535116924	0.4419442169207344	0.36018261078091474	0.2832720916142065	0.21347464311566952	0.15711946760462364	0.1294445433587364	0.1452812963620964	0.19286456623987538	0.2541506038044556	0.3208604060946568	0.389883352398532	0.45997142487418896	0.5305694514314027	0.601421502697466	0.6724125314238689	0.7434963927251023	0.8146652150424507	0.8859296901189523	0.9573139588378644	1.0288486003783717	1.1005621854010244	1.1724953178944593	1.2446748238755045	1.3171399281999663	1.389929165682248	1.4630654175509592	1.5365859148534822	1.6105218959694427	1.6849123230329994	1.7597752116406713	1.8351385185973659	1.9110301595654509	1.9874779905613764	2.06450807829054	2.1421456339658116	2.2204160096588472	2.299341831826049	2.3789480421147102	2.4592590868835478
1.5617869839144283	1.48878776450503	1.3865082541278224	1.2663003958754235	1.1438421149059235	1.0263615578363872	0.9154409022631771	0.8107209098141852	0.7114378056357787	0.616882158271297	0.5265180439304316	0.4400326866437483	0.3574279797076452	0.2792820428032082	0.20754896606502787	0.1481717997174668	0.11746287437584721	0.13389893679858506	0.183860700774771	0.24696061799625812	0.31486364593103244	0.384691687957368	0.45534875074587844	0.5263660030299002	0.5975373088869137	0.6687781327539215	0.7400615248612934	0.8113924198008083	0.8827901673239159	0.9542854819425831	1.0259132032304203	1.0977052600229864	1.1697049672284536	1.2419410171449021	1.3144542893458222	1.3872845339298676	1.4604556282800218	1.5340056580152137	1.6079665275468769	1.6823776782518929	1.7572577983161406	1.8326351470290039	1.9085379853295257	1.9849943966750518	2.062030768165758	2.1396725479782064	2.217945197867528	2.29687163269063	2.376476798581249	2.4567854095931017
1.5664707457759757	1.4910116546947276	1.3881437599625408	1.267682159670535	1.1449365518418613	1.027151684045446	0.9159304429872982	0.8109086333462076	0.7113068186962513	0.6163938334280397	0.5256032598157665	0.4385748329884851	0.35522830989192433	0.2759859715482616	0.202489851413941	0.1401787827333485	0.10617294142742534	0.12325382187366887	0.17566978434943237	0.24050031283469356	0.3094952431382487	0.3800438733507374	0.4512035115804078	0.5225877102054548	0.5940365505997242	0.665493196528768	0.7369479817794992	0.8084172701868725	0.8799280786593575	0.9515169721710038	1.023222509868543	1.0950795708547694	1.1671338667134177	1.2394157116156264	1.3119674446518734	1.3848298773958927	1.4580277577015843	1.5315999257889477	1.6055788591033242	1.6800044162860082	1.7548958965497148	1.8302818114835726	1.9061907251350938	1.982650912077521	2.0596890485514847	2.137330792340096	2.2156016924101234	2.294524930428179	2.3741254391440996	2.454428184543599
1.571959753141123	1.4937760724618028	1.3901478326607883	1.269349340865791	1.1462785393891477	1.0281761400952711	0.9166571387725516	0.8113485703796155	0.7114541921566414	0.6162219506456522	0.5250577774364349	0.43755939200249266	0.3535738502471328	0.2733822299217473	0.19832571080509942	0.13325429945235528	0.0957368153353447	0.11348189576643977	0.1683610501144857	0.234793656391199	0.30475985084701424	0.3759364614556473	0.4475287657501847	0.5192261004433888	0.5909101619784497	0.6625484804263179	0.7341466207634874	0.8057308222190881	0.8773347324278066	0.9490000127191843	1.02076838382964	1.0926772578656219	1.164774424266026	1.237091571719822	1.3096723039479956	1.3825583387106066	1.455775169648588	1.5293622890165168	1.6033526623643395	1.677786497377607	1.7526836455947579	1.828072821357894	1.903982850256811	1.9804421622228723	2.057477691854851	2.1351152800673483	2.213380539825679	2.292296899608667	2.3718892585787663	2.452182826102071
1.5781792127385383	1.4970537144140779	1.3925079352716823	1.2712937721479005	1.147861156362403	1.0294281069942222	0.9176137596460738	0.8120327763212778	0.7118710355272695	0.6163564877629049	0.52487035853923	0.4369741551330623	0.35245278037400357	0.2714647052173567	0.1950766185294104	0.12751396175400484	0.08637560810950705	0.10475272947604736	0.16200429252507806	0.22986100805387827	0.30065943161662373	0.3723643118753822	0.44431647900846066	0.516272053394491	0.5881486769281118	0.6599345547270282	0.7316482157268608	0.8033241246753612	0.8750014827483382	0.9467262696758904	1.0185427977282524	1.0904905888988439	1.162619188979453	1.2349614128068682	1.3075619340386309	1.3804632217670085	1.4536913912192042	1.5272864854510801	1.6012818749699573	1.6757180474881725	1.7506153497043029	1.8260026423454383	1.9019089811271852	1.9783629331998525	2.0553916292367345	2.1330210805331933	2.2112769412693334	2.290182867257618	2.3697637031961714	2.4500448966127
1.5850583364484738	1.500817627443993	1.3952115506099503	1.2735073249708304	1.1496775479428207	1.0309008430667561	0.918793148623296	0.8129533566798433	0.7125484543049506	0.6167873048188925	0.525029411797677	0.4368060624257325	0.3518513201008304	0.27022272978981754	0.192752428589053	0.12306493661848682	0.07838062619305579	0.09726932222829743	0.15666585001763422	0.2257179311470265	0.2971929670792192	0.3693205139516464	0.44155760568141406	0.5137158542246711	0.5857422981413242	0.6576418444319039	0.7294434784454038	0.8011882278083614	0.8729197424517708	0.944687501881441	1.0165378406757453	1.088511964994169	1.160660854663344	1.2330182029909573	1.305629559807324	1.3785379919278096	1.4517701133066139	1.5253664177644803	1.5993605988182884	1.6737933562295022	1.7486854756833887	1.824065904417336	1.8999639134858832	1.97640816860867	2.053425947290379	2.131043416368695	2.209286248965505	2.2881783091458865	2.3677443700273635	2.4480101025630425
1.5925303644633286	1.5050412819592804	1.3982462056893994	1.275981919770571	1.1517209327362707	1.0325876914093568	0.9201882316534167	0.8141024819414786	0.7134775734858253	0.6175041823433913	0.5255230561411619	0.43704130628708626	0.3517538822637188	0.2696411580627671	0.19135139292475312	0.11999283950530779	0.07210808573883522	0.09125816541132759	0.15240354269801182	0.22237407252931252	0.29435623884464107	0.3667964208673814	0.4392421262725172	0.5115472342411446	0.5836809406331047	0.6556606142533493	0.7275230800807327	0.7993141565508778	0.8710810663077364	0.9428755701073003	1.0147457251011787	1.0867339251081434	1.1588922630784455	1.2312550649966814	1.303868565033808	1.3767762759846673	1.4500051894457582	1.5235961515322722	1.597583098232486	1.6720068746449939	1.7468886503591643	1.8222574122092992	1.8981426072890968	1.9745729663337857	2.051575884684916	2.129177659983914	2.207403962566584	2.286278846139263	2.3658269955363727	2.446074290820078
1.6005325439986533	1.5096986376232524	1.4015994949652004	1.278709535670372	1.1539846093492945	1.0344820868122604	0.9217920269106258	0.8154724016023417	0.714649560084842	0.6184968588394097	0.5263391848242819	0.4376654429412145	0.3521432623328949	0.2697006088043806	0.1908594974892566	0.11834804159429953	0.06793451845695199	0.08694354754394734	0.14926104876005958	0.21983221576392187	0.29214169719458344	0.3647816752818564	0.4373590874769859	0.5097554160451652	0.581954257868411	0.6539810253433622	0.7258776728076147	0.7976931054705372	0.8694769767429046	0.9412824461451349	1.0131587930700867	1.0851491511733218	1.15730640669943	1.2296652776480892	1.3022724929432243	1.3751718618341522	1.4483906348421682	1.521969913705354	1.5959437980040245	1.6703532128674876	1.7452196579514605	1.8205721138025863	1.896440165072614	1.9728525752445318	2.0498368287574977	2.127419330068755	2.2056257256086673	2.284480240544782	2.364007455234339	2.4442334448523106
1.6090060703362192	1.5147642015597598	1.4052591022812488	1.281682219627465	1.1564619624874442	1.0365775621221591	0.9235976533788983	0.817055457290272	0.7160556445089518	0.6197550670245778	0.5274655291356761	0.43866350864769016	0.3530008569202664	0.2703778570623438	0.19125063969444653	0.11813511730687985	0.06615702842301824	0.08450465892970654	0.14726256349770497	0.21808761234103585	0.29053842916136396	0.36326419847035246	0.43589666491802187	0.508329164729308	0.580551683066319	0.6525931323677406	0.7244979110790022	0.7963162599017815	0.868099110847692	0.9399002210511647	1.0117695221484058	1.0837504699523133	1.1558964311044642	1.2282422770962913	1.300835046259712	1.373718697907993	1.4469206251294637	1.5204820909085834	1.5944372812746965	1.6688271376714001	1.7436734373253566	1.8190051118635575	1.8948518384332376	1.9712423919739321	2.048204312137775	2.1257640881400346	2.2039473219286325	2.282778392505733	2.362281759983284	2.4424836810946124
1.6178959967264541	1.520213079097262	1.4092128214492028	1.284892095008029	1.159146468549826	1.0388677540482822	0.9255983387258141	0.8188440949351877	0.7176871406445653	0.6212685684859814	0.5288897207503819	0.440020137779885	0.3543069022738347	0.2716463484791727	0.19248764243902639	0.1193090841462245	0.06687040779970478	0.08402632137526445	0.14640879678971738	0.21712767518461204	0.28953223118989646	0.36223039980220567	0.4348422373988113	0.5072568423437824	0.5794624493939394	0.6514869481806661	0.7233744631696625	0.7951748785149194	0.8669392366261316	0.9387211127838755	1.0105705305691282	1.0825308583983408	1.1546556368105467	1.2269796576141243	1.2995500872694554	1.3724108923192957	1.4455894950434465	1.5191272275665635	1.5930582872985641	1.6674235699185584	1.7422450791997133	1.8175516573965944	1.8933730287194648	1.9697379576472809	2.0466740093749998	2.1242077350488824	2.20236467214405	2.2811693364204806	2.3606460524217745	2.440821245282852
1.6271511192561763	1.5260210172321802	1.4134485754053436	1.288331369568121	1.1620317007260872	1.041346408405873	0.9277874264579106	0.8208308759456177	0.7195354645599071	0.6230271864411537	0.5305993518525458	0.44171968005081824	0.3560407235562278	0.27347680058274343	0.19452397022574883	0.12178002326624525	0.06990957196749	0.08546686943661877	0.1466752632083957	0.21693208181584184	0.28910578438835993	0.36166524028453456	0.4341824724040916	0.50652646656454	0.5786756559905721	0.6506524564365209	0.7224980198912171	0.7942603077461543	0.8659892380719094	0.9377374732145028	1.0095545819754403	1.0814834459736882	1.1535774809535515	1.2258711720028608	1.2984116373628367	1.3712427118621946	1.4443917367965349	1.5179000238936364	1.59180170907494	1.6661375819327415	1.7409298233110395	1.8162071238266482	1.8919992796353653	1.9683349545429039	2.045241733539946	2.1227462075461214	2.20087383018628	2.2796492374109123	2.359096603405239	2.439242508895917
1.63672384225663	1.5321644410749837	1.4179544339119543	1.2919923428332614	1.1651113335917473	1.0440073847958704	0.930158382347007	0.8230084873731038	0.7215921517363707	0.6250208363460498	0.5325820322402914	0.4437463144335525	0.3581809860379865	0.27583785194950533	0.1973059166097167	0.12542458556918318	0.07491207035807763	0.0886634711215922	0.1480133551896828	0.2174732868549853	0.2892389232276831	0.3615523424721964	0.433903418483434	0.5061257906438922	0.5781802994570421	0.6500796418263617	0.7218594050233814	0.7935639869797874	0.8652411246527113	0.9369417947953402	1.0087145896819862	1.0806015171526793	1.1526555784026737	1.224910731807125	1.2974138764143346	1.370208580746324	1.4433219983277266	1.5167953337417521	1.5906625908728604	1.6649643948056805	1.7397230554774263	1.8149670710985335	1.8907262755130199	1.9670292028358873	2.0439034328766446	2.121375574846574	2.199470979785305	2.2782143878443564	2.357629808455094	2.437743965650122
1.6465700292342689	1.538620483616521	1.4227186297809313	1.2958674128641559	1.168379147205974	1.0468446607326283	0.9327048001400992	0.8253697510643965	0.7238488727880372	0.6272395541785242	0.53482544282119	0.44608415766452425	0.36070594015995705	0.2786967208639813	0.20077499136193205	0.1301006676261048	0.08144596873524132	0.09337239198714292	0.15035401068680673	0.21871739500640977	0.2899089824068708	0.3618742679351292	0.433990615399348	0.5060423365232173	0.5779653145637017	0.6497585174400928	0.7214494848431967	0.7930774817004216	0.8646870400662356	0.9363267161682783	1.0080436203586838	1.0798785134127666	1.1518837025603499	1.2240924071444041	1.2965511419047229	1.3693030791004381	1.4423750813538778	1.515808162334846	1.589636125700094	1.6638993755524898	1.7386203046641149	1.8138271793348484	1.8895498381140254	1.9658166573096119	2.0426551874436103	2.1200920352159094	2.1981524310959113	2.276861203859005	2.356242184325134	2.4363222279998373
1.656648843691216	1.5453670092014264	1.4277295736223143	1.2999490824209774	1.1718290307177672	1.0498523352249716	0.9354204065632874	0.8279076317967886	0.7262974476334934	0.6296735222544009	0.5373173849975464	0.44871736561178116	0.3635936536615843	0.2820198395521698	0.20487025223527897	0.135661333588956	0.08911234633636485	0.09932106692739993	0.1536131733630248	0.2206253060624827	0.29109120207443206	0.36261258076376074	0.4344291755748956	0.5062634379114526	0.5780196141219481	0.6496791510588367	0.7212592252763607	0.7927924859150207	0.8643192703446856	0.9358850274917624	1.0075348970670566	1.0793080348448718	1.1512556554447468	1.2234104262474093	1.2958179277969881	1.3685209413464294	1.4415459393494712	1.5149336638794144	1.588717652638653	1.6629380343402886	1.737617239955277	1.8127832658444678	1.888465923408056	1.9646934040614674	2.0414932057533877	2.1188919126726296	2.1969146172448846	2.2755862219378673	2.3549303656069536	2.4349740237275657
1.6669225835935928	1.5523826311348925	1.432975867128341	1.3042299645163393	1.175454985495064	1.0530246318345693	0.9382990656270375	0.8306152444141136	0.7289298581194373	0.6323130924942412	0.540045825602128	0.4516302262073525	0.3668222253851403	0.2857734369931066	0.20953038457826834	0.14196545709008895	0.0975893072030382	0.10624936280627698	0.15769794077851046	0.2231540203766247	0.292759169181046	0.3637482071655441	0.4352039126849539	0.5067763555709061	0.5783321274418726	0.6498316902024747	0.721279705669702	0.792700825532203	0.8641302508732058	0.9356096749644014	1.007181801951692	1.0788838413545174	1.1507656037903982	1.222859174813838	1.2952088832071298	1.3678570543841921	1.4408296753481247	1.5141671390795783	1.5879026541375896	1.662076021561727	1.736709667557926	1.811831260934679	1.8874706183697243	1.963655657228165	2.0404138215020216	2.1177716535887905	2.1957540910416804	2.2743860956095796	2.353691101384935	2.4336961926497174
1.6773565126641117	1.559646723877652	1.4384463149218318	1.3087027873813806	1.1792511277859423	1.056355901215471	0.9413347822738982	0.833485859978906	0.7317382591053136	0.6351488071147751	0.542998937168194	0.4548072430002562	0.3703699769153132	0.28992405148911493	0.2146954090829102	0.1488843383712038	0.1066347220746484	0.11393175586369958	0.1625123696693402	0.22625798938550265	0.29488527247945345	0.36526148920045515	0.43629945974153106	0.5075683146878746	0.5788918372315542	0.650206385665745	0.7215021370863665	0.7927944740310061	0.8641125730096801	0.9354937646361102	1.0069778518617092	1.0785998534523547	1.1504078481762532	1.2224331949886473	1.2947188108530452	1.367306455603241	1.4402215396235232	1.5135040325538978	1.5871867532650028	1.6613091249114484	1.735893527746289	1.8109672700799382	1.88656013779609	1.962699755789676	2.0394134902856793	2.1167278234238784	2.194667521681029	2.273257592177818	2.3525212519303835	2.4324856833222097
1.6879186911351338	1.5671394302911172	1.4441299350040213	1.3133603988489664	1.1832116909291603	1.0598406231666466	0.9445217053669551	0.8365129109936353	0.7347149880451772	0.6381714167509263	0.5461651334380297	0.4582332088329075	0.37421561969963013	0.2944389622350463	0.22030797223260729	0.15630480283089868	0.11607226389193855	0.12218378694423858	0.16796224001335774	0.22989040882259193	0.29744115038322916	0.367132454581444	0.4377003303215759	0.5086265614718842	0.5796878177756222	0.6507936135040441	0.7219178839238863	0.7930655613313435	0.8642589897651275	0.9355305658737668	1.0069166597027541	1.078450152525685	1.150176801964915	1.2221271841490238	1.2943426658332637	1.36686433075365	1.4397169272603412	1.5129399302126072	1.5865657108529385	1.6606332664338423	1.7351648918112763	1.8101875016551543	1.885730821119974	1.9618221603120762	2.038488786373235	2.1157571034903615	2.1936516914384843	2.2721975894201143	2.3514177854716336	2.431339549823868
1.698579808108261	1.5748416644023957	1.450015967849445	1.3181957701737543	1.1873310271355415	1.0634734082092476	0.9478541300755576	0.8396899956976053	0.7378525731129041	0.641371896054275	0.5495331001182397	0.46189326940924713	0.3783383966015909	0.29928653638237473	0.22631423204828247	0.16412979576355313	0.1257748942759986	0.13085957961070976	0.17395848169664122	0.23400437668905458	0.3003981140622217	0.3693409641573742	0.43939103153749276	0.5099384196513699	0.5807092578526576	0.6515838952580781	0.7225184639347187	0.7935063819127887	0.8645624205738909	0.9357135139131296	1.0069922145377204	1.0784289809658543	1.150067031383222	1.2219359935000595	1.2940755546623928	1.3665260117551408	1.4393113756499174	1.512470556497047	1.586035422645875	1.660044499539223	1.7345199589737834	1.8094882898058426	1.8849791292486324	1.9610194497761992	2.037636399522266	2.114856287740157	2.1927034925411886	2.2712030724386203	2.35037777505339	2.430254948639711
1.7093130172304685	1.5827351101543201	1.45609388420034	1.3232019993136526	1.1916036088497717	1.0672489987237475	0.951326499661957	0.8430108815010683	0.7411437399254835	0.6447414568525759	0.5530918209714305	0.46577297687136276	0.3827181980356053	0.30443649379035775	0.2326643886823555	0.1722774759836274	0.13565098429308053	0.1398457967017685	0.18041929270831747	0.23855386710833656	0.30372753218306464	0.37186690792433985	0.4413561613207884	0.5114913358498024	0.5819454984645717	0.6525679514436581	0.7232955649564267	0.7941094020025522	0.8650159554960043	0.9360362120449981	1.0071985359440354	1.0785307417976748	1.1500732591190448	1.221854626413912	1.2939127273923918	1.3662869741984625	1.4390005618685564	1.5120917716417903	1.585591916361279	1.6595390059954231	1.7339550533385581	1.8088660932578506	1.8843016414156841	1.9602883184167716	2.036853131826892	2.1140222796313646	2.191819924008861	2.2702711305229926	2.349398395427303	2.429229135561975
1.7200937770147326	1.5908022165848015	1.4623533916266802	1.3283723136851266	1.1960240297255573	1.0711622696562841	0.9549334067262465	0.8464695076025496	0.7445814169350744	0.6482715589712342	0.5568305994305942	0.4698583337117007	0.38733565368033346	0.30986009581369633	0.23931292693835396	0.18067957298154727	0.14563397203821368	0.14905504711124656	0.18727116780220246	0.24349449891314345	0.3074011681207009	0.37469038331173066	0.4435805174128903	0.513272924207016	0.5833860590885801	0.6537366148411184	0.724241055035651	0.794867265464896	0.8656128586712118	0.9364924332869341	1.0075298224485902	1.0787499979576807	1.1501903629641714	1.2218782365527276	1.293849582194721	1.3661428349803544	1.4387803000169532	1.5117995687824415	1.5852313487803704	1.659113092920614	1.7334666208311433	1.8083174872289447	1.8836950520772666	1.9596255726281224	2.036135894584204	2.113252089032669	2.190998088571651	2.269398954104912	2.3484769200190105	2.4282594626853555
1.7308996968043786	1.599026189875447	1.4687844399090186	1.333700072430332	1.2005870052291663	1.0752082288357692	0.9586695939232976	0.8500599868319798	0.7481587395684757	0.6519539188397006	0.5607390759511791	0.47413582753546585	0.3921722014757851	0.3155302670136371	0.24621864081154005	0.18927950377207226	0.15567502983284764	0.15842003498957744	0.19444912367559106	0.24878410049182945	0.31139146461519085	0.37779180846024646	0.4460490511570469	0.5152710156991512	0.5850206611851435	0.6550809449799592	0.7253469913435542	0.795772799177205	0.8663465710757215	0.9370761212380937	1.0079804568558892	1.0790814714247443	1.1504133742194542	1.2220021259375287	1.2938816606828156	1.3660893497057642	1.4386465384521654	1.5115900711737171	1.5849500027984387	1.6587631897831914	1.7330512261422601	1.8078391589759195	1.883156167842395	1.959028127864244	2.0354817052037535	2.112542829139074	2.190235189630085	2.2685838299578234	2.3476107179526053	2.427343375448882
1.7417103891013423	1.6073909826738455	1.475377225319171	1.339178768206985	1.205287372891278	1.0793820169155406	0.9625299542032949	0.8537766067716437	0.7518690531897286	0.6557805160340002	0.5648072413882126	0.47859245733706546	0.3972101360377162	0.3214216599257152	0.253344504065767	0.19803053080990454	0.16573796104182975	0.1678888158144599	0.20189639340190665	0.25438308823382616	0.3156717745704249	0.38115204799557045	0.4487470457404449	0.5174736873082558	0.5868392500928528	0.6565922112613612	0.7266056287944609	0.7968190171927132	0.8672107123686683	0.9377813906921818	1.0085449644136382	1.0795200418649296	1.1507374759717168	1.2222217427443223	1.2940046453615526	1.3661224100559728	1.4385953570505188	1.5114595292606183	1.5847442844625461	1.6584858453941143	1.732705549717786	1.80742791051149	1.8826819044041874	1.9584930056220722	2.034887684230929	2.11189171351649	2.1895285283792685	2.2678231120163708	2.346797251132313	2.426478409837659
1.7525073287448503	1.6158812810779533	1.4821221938682778	1.344802028542439	1.2101200922378101	1.083678906973486	0.9665095305966064	0.8576138302166788	0.7557059149777449	0.6597435978882634	0.5690254466988811	0.4832157520379502	0.40243263888539244	0.32751067321166394	0.2606574404215054	0.20689409744837597	0.1757956595223081	0.17742111810411895	0.20956381139964414	0.26025468511701577	0.32021653959052937	0.38475251364227286	0.4516601540580568	0.5198692977811505	0.5888320134078161	0.658261902236515	0.7280094264144646	0.7979991243025281	0.8681990825280951	0.9386025278975735	1.0092180367556516	1.080060745200174	1.1511580010061333	1.2225326789872866	1.294214357186159	1.36623804104131	1.4386229643247306	1.5114043177336982	1.5846107200010022	1.6582777249017882	1.732426384706438	1.80708065349267	1.8822692814452988	1.9580173304553252	2.034351052391582	2.111296053157683	2.188875500728073	2.267114307971492	2.346034071406209	2.4256621895093935
1.7632737192334087	1.6244824896390946	1.4890100435916156	1.3505636167660093	1.2150802444160944	1.0880943037898927	0.970603515593772	0.8615662950122479	0.7596630947987412	0.6638356823595203	0.5733844092873229	0.487993782084292	0.4078237929506225	0.3337754330328332	0.268128035270384	0.21583839045107914	0.18582764092021672	0.18698555385393512	0.21740904987843876	0.26636500959201564	0.3250014200285189	0.38857524573989183	0.4547744327333591	0.5224465209577809	0.5909893959395102	0.6600817349125662	0.729551046237895	0.7993065396956816	0.8693056625369525	0.9395339898970653	1.009994527733271	1.0806987718957628	1.151670429753394	1.222930668132706	1.2945067528262006	1.3664323982534958	1.4387256945844702	1.5114209326567054	1.5845459528674186	1.6581356068031883	1.7322106340066734	1.8067944059116545	1.8819154103964726	1.9575983125076446	2.0338691276526717	2.1107532535691185	2.1882735945569514	2.2664549834198056	2.3453188178350852	2.424892423074975
1.7739943663270632	1.6331807147159185	1.4960317259460656	1.3564574325599177	1.2201630315415508	1.092623742840663	0.9748072501385516	0.865628813338751	0.7637345751680901	0.6680495592707876	0.5778752163372705	0.4929151649092405	0.41336858384049	0.34019574649198103	0.2757302199397362	0.2248371320528219	0.19581830542509246	0.19655752333854123	0.22539581384785526	0.2726830645683359	0.3300033816903694	0.3926029766475106	0.458076383357657	0.5251943564005902	0.5933021155139574	0.6620436623413449	0.731223365691458	0.8007348790696234	0.8705246146125557	0.94057040366663	1.0108694518347492	1.0814294648964187	1.152270387958244	1.2234115824341598	1.294877922024498	1.366701765043909	1.4389000050327685	1.511505988497326	1.5845467407395941	1.6580563800030552	1.732055307267061	1.8065662891640948	1.8816175320363948	1.9572332870439768	2.0334393223672187	2.110260795546327	2.187720386928592	2.2658427907177625	2.3446492139446145	2.4241669014397083
1.784655558940329	1.6419627464786486	1.5031784463875166	1.3624775121475425	1.2253637757894658	1.0972628890131915	0.9791162222857465	0.869796370482198	0.7679145503819502	0.6723782901267271	0.582489325459271	0.4979690650859742	0.4190528901501741	0.34675303485550635	0.2834409502765639	0.233868581686388	0.20575570139790647	0.20611764520045303	0.2334930599294544	0.27918065352881755	0.33520074508505077	0.3968191774425789	0.46155298428425456	0.5281021405059129	0.5957611633482243	0.6641398795091918	0.7330194847431094	0.8022778865330088	0.8718502819380751	0.9417065653180188	1.0118379824678654	1.0822483175351645	1.1529536442336543	1.2239714304142684	1.295324084785254	1.3670425496386016	1.439142472816771	1.5116562152000947	1.584609952625088	1.6580370408378005	1.731957518021927	1.8063935251407799	1.88137296885264	1.9569196714667716	2.033059140475182	2.109816270276484	2.1872135413624756	2.2652754663071404	2.3440230650762555	2.4234834951770776
1.795244957237507	1.6508160398390617	1.510441664204054	1.3686180281518852	1.230677918249883	1.1020075350887173	0.9835260655371804	0.8740641231445855	0.7721974249086924	0.676815206637242	0.5872185629713226	0.5031451899299989	0.42486346499143357	0.35343025297797687	0.29123989396638655	0.24291471912448992	0.21563063470709518	0.2156505778023288	0.2416742746084747	0.2858322467113936	0.3405732032829322	0.4012080895317869	0.46519171027190404	0.5311595626374067	0.5983578181848066	0.666362827799006	0.7349327442260907	0.8039295466835126	0.8732771879117934	0.9429374383561747	1.012895450028751	1.0831509711165108	1.1537161074177686	1.2246063540831766	1.2958415885615755	1.367451282260627	1.439449792178953	1.511868455258593	1.584732565916742	1.6580746901896497	1.731914480776027	1.806273433377921	1.8811791378772358	1.9566549736311913	2.0327261747665757	2.109417361606159	2.186750805169847	2.26475081700967	2.343438255815171	2.4228401520182397
1.805751487765895	1.659728694551564	1.5178130916668318	1.3748732891504634	1.2361010175721132	1.1068536000057128	0.988032556918206	0.8784273973500708	0.7765778111164338	0.6813539080994917	0.5920551201308684	0.5084337812762524	0.4307879106555013	0.36021180017772725	0.2991091354918833	0.2519605796894805	0.2254360191441945	0.22514413026078192	0.24991682799941461	0.292614815944079	0.34610181428869224	0.4057547429762793	0.46898053019785474	0.5343567202174153	0.601083681421776	0.6687051989416297	0.7369566335279356	0.8056840399767087	0.8748000348361497	0.9442581519022337	1.0140373395154954	1.0841332124201584	1.1545538240000952	1.2253126261451666	1.2964269053790398	1.3679246122381596	1.4398187714839448	1.5121396607928332	1.5849116635011113	1.658166530631263	1.7319235081650985	1.8062034282435053	1.8810335479149458	1.9564367902679525	2.0324381041867716	2.109061825560855	2.186330006849428	2.264266750048409	2.342892747492335	2.422234894371407
1.8161652454054518	1.6686894347067296	1.5252846925674144	1.3812377389542863	1.2416287484156658	1.111797126922923	0.9926316147820865	0.8828816859857951	0.7810505264219625	0.6859882578015468	0.5969915476187969	0.5138256041290042	0.4368146480931585	0.36708342668578275	0.30703290361898045	0.26099371452321213	0.23516639688191437	0.23458858782110087	0.25820140717029516	0.2995076525166591	0.351768973379306	0.41044496332647434	0.47290795895372395	0.5376840881277568	0.6039306421720501	0.6711599347037317	0.7390848986950082	0.807535741526568	0.8764137022421814	0.9456639984809985	1.0152592887467364	1.085190971068986	1.155462976627851	1.2260866471620047	1.2970766289509887	1.368459305060668	1.4402463303319335	1.5124668906837175	1.585144430870619	1.6583098635498603	1.7319820081364146	1.8061810161742355	1.8809337967595838	1.9562628043105768	2.0321926912084547	2.108747499171933	2.1859490535457673	2.2638212392977617	2.342384575730001	2.421665816922528
1.8264774018718724	1.6776875878112285	1.5328486802083243	1.387705955633629	1.2472568997356475	1.1168342811173366	0.9973192964220631	0.8874226460205229	0.785610589929873	0.6907123785640363	0.6020207485345349	0.5193119327728691	0.44293288268006825	0.3740321388609638	0.31499732354540727	0.2700037525380549	0.24481758029694323	0.24397619629843276	0.2665115261557198	0.30649217878485374	0.3575583702516268	0.41526536874054665	0.476963046774679	0.5411325161866777	0.6068908896399665	0.6737202293565369	0.7413115032884537	0.8094792199364208	0.8781132448970166	0.947150431751697	1.01655708438662	1.0863203167710198	1.1564398812775007	1.2269249425855742	1.297787471727678	1.3690522395253262	1.4407294966533544	1.5128473075960585	1.585428153314644	1.6585020863175115	1.7320874812044433	1.8062037929526538	1.8808775685756756	1.956130782266492	2.0319877792543353	2.108472297981422	2.1856059285916922	2.263412331967457	2.3419118480546093	2.4211310843144087
1.836680120481647	1.6867130636249876	1.5404975148953175	1.39427265032084	1.2529813729064798	1.1219613477255272	1.002091795472195	0.8920460954560693	0.7902532186306505	0.6955206475483108	0.6071359701731782	0.5248845349010153	0.44913256748250724	0.3810461055230131	0.32299019401865264	0.2789820444825788	0.25438638143532244	0.2533007651241063	0.27483310626936086	0.31355176113823213	0.3634549351828795	0.42020335907134126	0.4811353633246983	0.5446932399719859	0.6099569157038838	0.676379525273682	0.7436306269750219	0.8115092362232579	0.8798938905340009	0.9487130638448292	1.0179266598326626	1.0875174564825356	1.1574809761780174	1.22782415989343	1.2985562619856788	1.3697004047537131	1.441265403817592	1.5132781752117643	1.585760213064273	1.6587406895974086	1.7322375177324951	1.8062694410475695	1.8808626339277086	1.9560385716403164	2.0318212970696377	2.1082342135582697	2.1852986890441284	2.2630381468645164	2.3414727415685976	2.420628928851481
1.846766476870051	1.6957563329089302	1.548223901003961	1.4009326658104286	1.2587981797211316	1.1271747293551841	1.006945439160429	0.8967480100299154	0.7949738232338851	0.7004076904767212	0.6123307948077024	0.5305356542481684	0.4554043650656889	0.38811456711382486	0.331000788556453	0.2879213731143944	0.26387040550550334	0.2625573593877649	0.2831541188435144	0.3206715295168171	0.36944477771607687	0.42524709845480146	0.4854150135848287	0.5483578782135727	0.6131215138142567	0.6791315159801611	0.7460366635033433	0.8136207461803785	0.8817510371026508	0.9503476625721642	1.0193640927134353	1.088778731347921	1.1585828297101524	1.22878106559917	1.2993799408922904	1.3704008684713769	1.4418512877484546	1.5137568553951029	1.5861380865023011	1.6590232545806114	1.7324297952445815	1.8063757270139387	1.8808868464347814	1.9559840984340764	2.0316912441790724	2.1080313110830904	2.1850254633765545	2.2626968720780836	2.3410655006953753	2.420157648220433
1.8567303853433659	1.7048084062089044	1.5560207836597506	1.4076809749815957	1.2647034402734623	1.1324709435813411	1.0118766854131103	0.901524519731857	0.7997680036837969	0.7053683753303058	0.6175991296799349	0.5362579921516549	0.46173960866166064	0.3952277488422787	0.3390196792482774	0.2968157165384259	0.27326789166616033	0.2717420591038896	0.2914642822913494	0.32783820676437514	0.37551512076556287	0.4303854928101729	0.48979261387391093	0.5521184307109285	0.6163777763991435	0.6819701418097497	0.7485242180613896	0.8158088770968029	0.8836802499007941	0.9520501553570142	1.0208656016058784	1.0901006137858815	1.1597421332718012	1.229792542226037	1.3002555595232284	1.37115077179963	1.44248448408545	1.5142808054039272	1.5865593414925394	1.6593474503283587	1.7326620758631621	1.80652049891118	1.8809481268076296	1.9559653662418601	2.031595683495549	2.1078617270286526	2.1847844491746393	2.262386762779259	2.3406884349923853	2.4197156034314586
1.866566530543773	1.71386081278972	1.5638813450886273	1.4145126790606182	1.2706933807404948	1.137846620354493	1.016882119845609	0.9063719051421549	0.8046315444235357	0.7103978056574479	0.6229351964059026	0.5420446883956821	0.4681302633732864	0.40237677856703064	0.3470385812541568	0.3056600543178979	0.28257758912246794	0.2808517696281098	0.29975480578194996	0.33503994972830753	0.38165423245064245	0.4356081634617014	0.4942592290664589	0.5559672721546586	0.6197190910429912	0.684889586567737	0.7510881040840666	0.8180689477829032	0.8856772583880868	0.9538166052790203	1.0224275429343066	1.0914797043088438	1.1609557156980814	1.2308555853280836	1.3011802759402096	1.3719475062227446	1.4431624253901412	1.5148475751335877	1.5870216346762465	1.6597110311447014	1.732932203695875	1.806701683818573	1.881044479087734	1.9559804502448703	2.0315327577130593	2.1077236668593637	2.1845739108994313	2.262106139009348	2.3403399173111157	2.419301216707789
1.8762703041077637	1.7229055798143504	1.5717990006833167	1.421423005754431	1.2767643310787915	1.1432984993213646	1.0219584526637684	0.9112865936493587	0.8095604094521046	0.7154913135747192	0.6283335199295708	0.547889301653745	0.47456888793455654	0.40955360982951655	0.3550502160059596	0.31445020806101265	0.2917986598521859	0.28988407127620625	0.30801817255015324	0.3422662029763875	0.38785135745168536	0.44090541796481486	0.4988064545189307	0.5598971814520678	0.623139135637141	0.6878842735917436	0.7537233396920008	0.8203964559474829	0.8877379527905102	0.9556432285085613	1.0240464535907803	1.092912728423093	1.1622206324441269	1.2319673004854037	1.3021513522759978	1.3727884732916773	1.4438826383413013	1.5154548044192624	1.587522708828217	1.6601118339981085	1.7332381023417842	1.8069172853795836	1.881173981174154	1.9560274965074276	2.031500678520666	2.1076154028148832	2.1843921777141837	2.2618533835851053	2.3400183807958284	2.4189129694517084
1.8858377460054112	1.731935211846243	1.5797673948276616	1.4284073072590087	1.2829127226606472	1.1488234270848756	1.027102515480481	0.9162651555477208	0.8145507372280487	0.7206444525247216	0.6337889172052994	0.5537857897910714	0.48104859743269096	0.41675095023085673	0.36304819111147135	0.3231827098549598	0.30093060160673324	0.2988370992130538	0.3162479567110157	0.3495075652964104	0.3940966492754135	0.4462682190372063	0.5034263647015744	0.563901230038686	0.6266318726598931	0.6909488628772033	0.7564251437176998	0.8227870748305807	0.8898583821077451	0.9575263841886672	1.0257189971880762	1.0943965335152923	1.1635337811631963	1.2331249004052358	1.3031661518542257	1.3736711705450886	1.4446427409994376	1.5161002203507927	1.5880603902406585	1.6605477759966643	1.733577772429259	1.8071653813908788	1.8813347824828057	1.956104721140727	2.0314977243206984	2.1075352717210283	2.1842376413507734	2.261626939985004	2.3397223177907325	2.418549400251315
1.8952654902568584	1.7409426707420737	1.5877803965185575	1.4354610581740495	1.2891350858476467	1.1544183544213669	1.0323112580847849	0.9213043000706962	0.8195988354540198	0.7258529898882304	0.6392964857041268	0.5597284902390569	0.4875630272755393	0.4239621951448056	0.3710268950672432	0.3318546932664359	0.30997318649125916	0.30770944687645496	0.32443866827789436	0.3567556686991978	0.4003811044242943	0.45168815235787607	0.5081114881605606	0.5679728629386909	0.6301915689576659	0.6940782440438238	0.7591889312930847	0.825236650096493	0.8920347482706438	0.9594625709223288	1.0274418366223954	1.0959280855785425	1.1648923148271864	1.2343257018889338	1.3042221362803117	1.3745931616461355	1.445440440136177	1.5167816346379652	1.5886325862871906	1.6610168519159556	1.733949289214532	1.8074441214931307	1.8815251016565122	1.9562104070682473	2.0315222381263274	2.1074816729157586	2.1841087540841038	2.2614253103569038	2.339450277567677	2.4182091029915624
1.9045507147337335	1.7499213559892126	1.5958320948201452	1.442579853334967	1.2954280475269504	1.1600803334498666	1.037581745166726	0.9264008713645684	0.8247011757847241	0.7311128994873473	0.6448515918708653	0.5657121006128284	0.49410629863614064	0.43118136665840373	0.3789814050188865	0.34046380268639614	0.31892641161983803	0.31650008783414035	0.332585621878136	0.3640030692919554	0.40669649918776185	0.4571573938636332	0.5128547929918685	0.5721058744643598	0.6338127218335653	0.6972675268396912	0.7620103092952973	0.8277411954643615	0.8942634004975248	0.961448423182923	1.0292118468754723	1.0975044660561173	1.1662934941603136	1.235567122842145	1.3053168628330962	1.375552150169938	1.4462735285492694	1.51749694107906	1.5892372862744772	1.6615171317608433	1.7343508002224224	1.8077517248761439	1.881743203584027	1.956342901899758	2.031572625434042	2.1074530661843762	2.1840040267216576	2.261247053589061	2.33920086448077	2.4178907249863846
1.9136910947662955	1.7588650855293753	1.6039167941896815	1.44975940557646	1.30178832861659	1.1658065147875214	1.042911153015031	0.931551844420673	0.8298543884974219	0.7364203540590863	0.6504498596143311	0.5717316597183077	0.5006729854942796	0.4384030575232476	0.38690740596676637	0.3490081176376375	0.32779045920321975	0.3252083121717359	0.34068482536251454	0.37124314926185753	0.4130353295358388	0.4626686770618223	0.5176496636571317	0.5762943830998015	0.6374900989339749	0.7005120426551891	0.7648850714858432	0.8302968882276501	0.8965408362043974	0.9634807081044288	1.0310260241266442	1.099122868562164	1.167734684553294	1.2368466793982267	1.3064479813248697	1.3765459097885053	1.4471398824399313	1.518244113481539	1.5898725484387592	1.6620467584396297	1.7347805229578481	1.8080864780203982	1.8819874567182677	1.9565006158184723	2.0316473511086475	2.107447969759613	2.1839220266588937	2.261090783406725	2.338972736006692	2.417592965185469
1.9226847602906765	1.7677680771062851	1.612029009693607	1.4569955434474888	1.3082127415530556	1.1715941446850677	1.0482967662069027	0.936754321016248	0.8350552571410556	0.7417717177313538	0.6560871589098134	0.5777825290639692	0.5072580833769528	0.44562237985724795	0.3948011199945275	0.35748608933640086	0.3365656640641558	0.33383367441667805	0.3487328851078116	0.37847002908531124	0.4193907543992532	0.46821526074777825	0.5224899061276969	0.58053282409448	0.6412187340699594	0.703807335460929	0.7678091935530743	0.8329000649687418	0.8988636952005917	0.9655563211724372	1.0328814824722743	1.1007805958082124	1.1692133530081903	1.2381619830455077	1.3076132308925983	1.3775722945219424	1.4480374588579126	1.5190212017925115	1.590536508267994	1.6626039454376151	1.7352367426771274	1.8084467325496856	1.8822562771893043	1.9566820308778816	2.0317449382014647	2.1074649583742193	2.1838613759683763	2.260955166528338	2.33876460102629	2.4173145723798304
1.9315302562848553	1.7766249301581643	1.6201634621521004	1.464284208881887	1.314698187763589	1.177440562162931	1.0537359742960277	0.942005525633877	0.8403007132015129	0.7471635385469535	0.6617595945854222	0.5838603749391724	0.5138569798202218	0.45283491830918743	0.40265924423747945	0.3658964873250613	0.34525248704450284	0.3423759506693653	0.356726925342321	0.38567848908029395	0.4257565424823429	0.47379089745632974	0.5273697136248191	0.5848159373244688	0.6449938967892425	0.7071491555056619	0.7707788279207887	0.8355472170682857	0.901228754329018	0.9676723025158463	1.034775450486831	1.1024750564406778	1.1707270651528665	1.2395107377108028	1.3088104382000867	1.3786292408538388	1.448964293179618	1.5198263310679874	1.5912273725446267	1.6631869745168109	1.7357178101687072	1.8088309031113716	1.8825481392502894	1.9568856656755984	2.0318639700781866	2.107502661413569	2.1838207496151347	2.260838920892422	2.3385752180784434	2.417054343556666
1.9402265062562192	1.7854306082765667	1.6283150732335392	1.471621454850422	1.3212416551491002	1.1833431961517766	1.059226268512168	0.947302801416202	0.8455878308075083	0.7525925410755256	0.6674634953258937	0.589961151150662	0.520465426576425	0.46003668736965825	0.41047889648049646	0.3742383544135012	0.35385149311346226	0.3508351031391107	0.3646645192609458	0.39286389940023475	0.4321270226471501	0.47938980288287486	0.532283662274043	0.589138756602721	0.6488111036091865	0.710533452882748	0.7737902984996157	0.8382349862117979	0.9036329252048757	0.9698257811957662	1.0367052679488467	1.1042037617554727	1.1722734822460452	1.2408907369880768	1.3100375143583722	1.3797147651714226	1.4499184966578944	1.5206576986362297	1.5919434171364228	1.6637941935325047	1.7362221396391748	1.8092374653169667	1.882861575632021	1.9571101053176283	2.0320030822670105	2.1075597507280603	2.183798872791707	2.260740813912853	2.3384033961016666	2.4168111222347832
